// Auto-generated ancient qi correction table (3-bit per entry)
// Total entries: 44781
// Range: -221 BC ~ 1645 AD (pingqi / 平气 era)
// 3-bit encoding: 0=000, +1=001, -1=010, +2=011, -2=100, +3=101, +4=110
//
// Index parameters derived from sxwnl output data:
//   FIRST_QI_JD = -810895
//   QI_PERIOD   = 15.218468066100938
export const QI_ANCIENT_CORRECTION_COUNT = 44781;
export const QI_ANCIENT_FIRST_JD = -810895;
export const QI_ANCIENT_PERIOD = 15.218468066100938;
export const QI_ANCIENT_DATA = new Uint8Array([
  0x04, 0x80, 0x48, 0x00, 0x90, 0x09, 0x20, 0x12, 0x01, 0x24, 0x02, 0x40, 0x04, 0x80, 0x48, 0x00,
  0x90, 0x09, 0x20, 0x12, 0x00, 0x24, 0x02, 0x40, 0x04, 0x80, 0x48, 0x00, 0x90, 0x09, 0x20, 0x12,
  0x00, 0x24, 0x02, 0x40, 0x04, 0x80, 0x48, 0x00, 0x90, 0x09, 0x20, 0x12, 0x00, 0x24, 0x02, 0x40,
  0x04, 0x80, 0x49, 0x00, 0x90, 0x09, 0x20, 0x12, 0x00, 0x24, 0x02, 0x40, 0x04, 0x80, 0x49, 0x00,
  0x90, 0x09, 0x20, 0x12, 0x00, 0x24, 0x02, 0x40, 0x04, 0x80, 0x49, 0x00, 0x90, 0x09, 0x20, 0x12,
  0x00, 0x24, 0x02, 0x48, 0x04, 0x80, 0x49, 0x00, 0x90, 0x09, 0x20, 0x12, 0x00, 0x24, 0x02, 0x48,
  0x04, 0x80, 0x49, 0x00, 0x90, 0x09, 0x20, 0x12, 0x00, 0x24, 0x02, 0x48, 0x04, 0x80, 0x49, 0x00,
  0x90, 0x09, 0x20, 0x12, 0x00, 0x24, 0x02, 0x48, 0x04, 0x80, 0x49, 0x00, 0x90, 0x09, 0x20, 0x12,
  0x40, 0x24, 0x02, 0x48, 0x04, 0x80, 0x49, 0x00, 0x90, 0x09, 0x20, 0x12, 0x40, 0x24, 0x02, 0x48,
  0x04, 0x80, 0x49, 0x00, 0x90, 0x09, 0x20, 0x12, 0x40, 0x24, 0x02, 0x48, 0x04, 0x80, 0x49, 0x00,
  0x90, 0x09, 0x20, 0x12, 0x40, 0x24, 0x02, 0x48, 0x04, 0x80, 0x49, 0x00, 0x92, 0x09, 0x20, 0x12,
  0x40, 0x24, 0x02, 0x48, 0x04, 0x80, 0x49, 0x00, 0x92, 0x09, 0x20, 0x12, 0x40, 0x24, 0x02, 0x48,
  0x04, 0x80, 0x49, 0x00, 0x92, 0x09, 0x20, 0x12, 0x40, 0x24, 0x02, 0x48, 0x04, 0x80, 0x49, 0x00,
  0x92, 0x09, 0x20, 0x12, 0x40, 0x24, 0x02, 0x48, 0x04, 0x90, 0x49, 0x00, 0x92, 0x09, 0x20, 0x12,
  0x40, 0x24, 0x02, 0x48, 0x04, 0x90, 0x49, 0x00, 0x92, 0x09, 0x20, 0x12, 0x40, 0x24, 0x02, 0x48,
  0x04, 0x90, 0x49, 0x00, 0x92, 0x09, 0x20, 0x12, 0x40, 0x24, 0x82, 0x48, 0x04, 0x90, 0x49, 0x00,
  0x92, 0x09, 0x20, 0x12, 0x40, 0x24, 0x82, 0x48, 0x04, 0x90, 0x49, 0x00, 0x92, 0x09, 0x20, 0x12,
  0x40, 0x24, 0x82, 0x48, 0x04, 0x90, 0x49, 0x00, 0x92, 0x09, 0x20, 0x12, 0x40, 0x24, 0x82, 0x48,
  0x04, 0x90, 0x49, 0x00, 0x92, 0x09, 0x24, 0x12, 0x40, 0x24, 0x82, 0x48, 0x04, 0x90, 0x49, 0x00,
  0x92, 0x09, 0x24, 0x12, 0x40, 0x24, 0x82, 0x48, 0x04, 0x90, 0x49, 0x00, 0x92, 0x09, 0x24, 0x12,
  0x40, 0x24, 0x82, 0x48, 0x04, 0x90, 0x49, 0x00, 0x92, 0x09, 0x24, 0x12, 0x40, 0x24, 0x82, 0x48,
  0x04, 0x90, 0x49, 0x20, 0x92, 0x09, 0x24, 0x12, 0x40, 0x24, 0x82, 0x48, 0x04, 0x90, 0x49, 0x20,
  0x92, 0x09, 0x24, 0x12, 0x40, 0x24, 0x82, 0x48, 0x04, 0x90, 0x49, 0x20, 0x92, 0x09, 0x24, 0x12,
  0x40, 0x24, 0x82, 0x48, 0x04, 0x90, 0x49, 0x20, 0x92, 0x09, 0x24, 0x12, 0x40, 0x24, 0x82, 0x49,
  0x04, 0x90, 0x49, 0x20, 0x92, 0x09, 0x24, 0x12, 0x40, 0x24, 0x82, 0x49, 0x04, 0x90, 0x49, 0x20,
  0x92, 0x09, 0x24, 0x12, 0x40, 0x24, 0x82, 0x49, 0x04, 0x90, 0x49, 0x20, 0x92, 0x09, 0x24, 0x12,
  0x48, 0x24, 0x82, 0x49, 0x04, 0x90, 0x49, 0x20, 0x92, 0x09, 0x24, 0x12, 0x48, 0x24, 0x82, 0x49,
  0x04, 0x90, 0x49, 0x20, 0x92, 0x09, 0x24, 0x12, 0x48, 0x24, 0x82, 0x49, 0x04, 0x90, 0x49, 0x20,
  0x92, 0x09, 0x24, 0x12, 0x48, 0x24, 0x82, 0x49, 0x04, 0x90, 0x49, 0x20, 0x92, 0x49, 0x24, 0x12,
  0x48, 0x24, 0x82, 0x49, 0x04, 0x90, 0x49, 0x20, 0x92, 0x49, 0x24, 0x12, 0x48, 0x24, 0x82, 0x49,
  0x04, 0x90, 0x49, 0x20, 0x92, 0x49, 0x24, 0x12, 0x48, 0x24, 0x82, 0x49, 0x04, 0x90, 0x49, 0x20,
  0x92, 0x49, 0x24, 0x12, 0x48, 0x24, 0x82, 0x49, 0x04, 0x92, 0x49, 0x20, 0x92, 0x49, 0x24, 0x12,
  0x48, 0x24, 0x82, 0x49, 0x04, 0x92, 0x49, 0x20, 0x92, 0x49, 0x24, 0x12, 0x48, 0x24, 0x82, 0x49,
  0x04, 0x92, 0x49, 0x20, 0x92, 0x49, 0x24, 0x12, 0x48, 0x24, 0x82, 0x49, 0x04, 0x92, 0x49, 0x20,
  0x92, 0x49, 0x24, 0x12, 0x48, 0x24, 0x92, 0x49, 0x04, 0x92, 0x49, 0x20, 0x92, 0x49, 0x24, 0x12,
  0x48, 0x24, 0x92, 0x49, 0x04, 0x92, 0x49, 0x20, 0x92, 0x49, 0x24, 0x12, 0x48, 0x24, 0x92, 0x49,
  0x04, 0x92, 0x49, 0x20, 0x92, 0x49, 0x24, 0x92, 0x48, 0x24, 0x92, 0x49, 0x04, 0x92, 0x49, 0x20,
  0x92, 0x49, 0x24, 0x92, 0x48, 0x24, 0x92, 0x49, 0x04, 0x92, 0x49, 0x20, 0x92, 0x49, 0x24, 0x92,
  0x48, 0x24, 0x92, 0x49, 0x04, 0x92, 0x49, 0x20, 0x92, 0x49, 0x24, 0x92, 0x48, 0x24, 0x92, 0x49,
  0x04, 0x92, 0x49, 0x24, 0x92, 0x49, 0x24, 0x92, 0x48, 0x24, 0x92, 0x49, 0x04, 0x92, 0x49, 0x24,
  0x92, 0x49, 0x24, 0x92, 0x48, 0x24, 0x92, 0x49, 0x04, 0x92, 0x49, 0x24, 0x92, 0x49, 0x24, 0x92,
  0x48, 0x24, 0x92, 0x49, 0x04, 0x92, 0x49, 0x24, 0x92, 0x49, 0x24, 0x92, 0x48, 0x24, 0x92, 0x49,
  0x24, 0x92, 0x49, 0x24, 0x92, 0x49, 0x24, 0x92, 0x48, 0x24, 0x92, 0x49, 0x24, 0x92, 0x49, 0x24,
  0x92, 0x49, 0x24, 0x92, 0x48, 0x24, 0x92, 0x49, 0x24, 0x92, 0x49, 0x24, 0x92, 0x49, 0x24, 0x92,
  0x48, 0x24, 0x92, 0x49, 0x24, 0x92, 0x49, 0x24, 0x92, 0x49, 0x24, 0x92, 0x49, 0x24, 0x92, 0x49,
  0x24, 0x92, 0x49, 0x24, 0x92, 0x49, 0x24, 0x92, 0x49, 0x24, 0x92, 0x49, 0x24, 0x92, 0x49, 0x24,
  0x92, 0x49, 0x24, 0x92, 0x49, 0x24, 0x92, 0x49, 0x24, 0x92, 0x49, 0x24, 0x92, 0x59, 0x24, 0x92,
  0x49, 0x24, 0x92, 0x49, 0x24, 0x92, 0x49, 0x24, 0x92, 0x59, 0x24, 0x92, 0x49, 0x24, 0x92, 0x49,
  0x24, 0x92, 0x49, 0x24, 0x92, 0x59, 0x24, 0x92, 0x49, 0x24, 0x92, 0x49, 0x24, 0x92, 0x49, 0x24,
  0x92, 0x59, 0x24, 0x92, 0x49, 0x24, 0x92, 0x49, 0x24, 0x92, 0xc9, 0x24, 0x92, 0x59, 0x24, 0x92,
  0x49, 0x24, 0x92, 0x49, 0x24, 0x92, 0xc9, 0x24, 0x92, 0x59, 0x24, 0x92, 0x49, 0x24, 0x92, 0x49,
  0x24, 0x92, 0xc9, 0x24, 0x92, 0x59, 0x24, 0x92, 0x49, 0x24, 0x92, 0x49, 0x24, 0x92, 0xc9, 0x24,
  0x92, 0x59, 0x24, 0x92, 0x49, 0x24, 0x96, 0x49, 0x24, 0x92, 0xc9, 0x24, 0x92, 0x59, 0x24, 0x92,
  0x49, 0x24, 0x96, 0x49, 0x24, 0x92, 0xc9, 0x24, 0x92, 0x59, 0x24, 0x92, 0x49, 0x24, 0x96, 0x49,
  0x24, 0x92, 0xc9, 0x24, 0x92, 0x59, 0x24, 0x92, 0x49, 0x24, 0x96, 0x49, 0x24, 0x92, 0xc9, 0x24,
  0x92, 0x59, 0x24, 0xb2, 0x49, 0x24, 0x96, 0x49, 0x24, 0x92, 0xc9, 0x24, 0x92, 0x59, 0x24, 0xb2,
  0x49, 0x24, 0x96, 0x49, 0x24, 0x92, 0xc9, 0x24, 0x92, 0x59, 0x24, 0xb2, 0x49, 0x24, 0x96, 0x49,
  0x24, 0x92, 0xc9, 0x25, 0x92, 0x59, 0x24, 0xb2, 0x49, 0x24, 0x96, 0x49, 0x24, 0x92, 0xc9, 0x25,
  0x92, 0x59, 0x24, 0xb2, 0x49, 0x24, 0x96, 0x49, 0x24, 0x92, 0xc9, 0x25, 0x92, 0x59, 0x24, 0xb2,
  0x49, 0x24, 0x96, 0x49, 0x24, 0x92, 0xc9, 0x25, 0x92, 0x59, 0x24, 0xb2, 0x49, 0x24, 0x96, 0x49,
  0x2c, 0x92, 0xc9, 0x25, 0x92, 0x59, 0x24, 0xb2, 0x49, 0x24, 0x96, 0x49, 0x2c, 0x92, 0xc9, 0x25,
  0x92, 0x59, 0x24, 0xb2, 0x49, 0x24, 0x96, 0x49, 0x2c, 0x92, 0xc9, 0x25, 0x92, 0x59, 0x24, 0xb2,
  0x49, 0x24, 0x96, 0x49, 0x2c, 0x92, 0xc9, 0x25, 0x92, 0x59, 0x24, 0xb2, 0x49, 0x64, 0x96, 0x49,
  0x2c, 0x92, 0xc9, 0x25, 0x92, 0x59, 0x24, 0xb2, 0x49, 0x64, 0x96, 0x49, 0x2c, 0x92, 0xc9, 0x25,
  0x92, 0x59, 0x24, 0xb2, 0x49, 0x64, 0x96, 0x49, 0x2c, 0x92, 0xc9, 0x25, 0x92, 0x59, 0x24, 0xb2,
  0x49, 0x64, 0x96, 0x49, 0x2c, 0x92, 0xc9, 0x25, 0x92, 0x5b, 0x24, 0xb2, 0x49, 0x64, 0xb6, 0x49,
  0x6c, 0x92, 0xc9, 0x2d, 0x92, 0x5b, 0x25, 0xb2, 0x4b, 0x64, 0xb6, 0x49, 0x6c, 0x92, 0xc9, 0x2d,
  0x92, 0x5b, 0x25, 0xb2, 0x4b, 0x64, 0xb6, 0x49, 0x6c, 0x92, 0xd9, 0x2d, 0x92, 0x5b, 0x25, 0xb2,
  0x4b, 0x64, 0xb6, 0x49, 0x6c, 0x92, 0xd9, 0x2d, 0x92, 0x5b, 0x25, 0xb2, 0x4b, 0x64, 0xb6, 0x49,
  0x6c, 0x92, 0xd9, 0x2d, 0x92, 0x5b, 0x25, 0xb2, 0x4b, 0x64, 0xb6, 0x49, 0x6c, 0x92, 0xd9, 0x2d,
  0x92, 0x5b, 0x25, 0xb2, 0x4b, 0x64, 0xb6, 0xc9, 0x6c, 0x92, 0xd9, 0x2d, 0x92, 0x5b, 0x25, 0xb2,
  0x4b, 0x64, 0xb6, 0xc9, 0x6c, 0x92, 0xd9, 0x2d, 0x92, 0x5b, 0x25, 0xb2, 0x4b, 0x64, 0xb6, 0xc9,
  0x6c, 0x92, 0xd9, 0x2d, 0x92, 0x5b, 0x25, 0xb2, 0x4b, 0x64, 0xb6, 0xc9, 0x6c, 0x92, 0xd9, 0x2d,
  0x92, 0x5b, 0x25, 0xb6, 0x4b, 0x64, 0xb6, 0xc9, 0x6c, 0x92, 0xd9, 0x2d, 0x92, 0x5b, 0x25, 0xb6,
  0x4b, 0x64, 0xb6, 0xc9, 0x6c, 0x92, 0xd9, 0x2d, 0x92, 0x5b, 0x25, 0xb6, 0x4b, 0x64, 0xb6, 0xc9,
  0x6c, 0x92, 0xd9, 0x2d, 0x92, 0x5b, 0x25, 0xb6, 0x4b, 0x64, 0xb6, 0xc9, 0x6c, 0x92, 0xd9, 0x2d,
  0xb2, 0x5b, 0x25, 0xb6, 0x4b, 0x64, 0xb6, 0xc9, 0x6c, 0x92, 0xd9, 0x2d, 0xb2, 0x5b, 0x25, 0xb6,
  0x4b, 0x64, 0xb6, 0xc9, 0x6c, 0x92, 0xd9, 0x2d, 0xb2, 0x5b, 0x25, 0xb6, 0x4b, 0x64, 0xb6, 0xc9,
  0x6d, 0x92, 0xd9, 0x2d, 0xb2, 0x5b, 0x25, 0xb6, 0x4b, 0x64, 0xb6, 0xc9, 0x6d, 0x92, 0xd9, 0x2d,
  0xb2, 0x5b, 0x25, 0xb6, 0x4b, 0x64, 0xb6, 0xc9, 0x6d, 0x92, 0xd9, 0x2d, 0xb2, 0x5b, 0x25, 0xb6,
  0x4b, 0x64, 0xb6, 0xc9, 0x6d, 0x92, 0xd9, 0x2d, 0xb2, 0x5b, 0x25, 0xb6, 0x4b, 0x6c, 0xb6, 0xc9,
  0x6d, 0x92, 0xd9, 0x2d, 0xb2, 0x5b, 0x25, 0xb6, 0x4b, 0x6c, 0xb6, 0xc9, 0x6d, 0x92, 0xd9, 0x2d,
  0xb2, 0x5b, 0x25, 0xb6, 0x4b, 0x6c, 0xb6, 0xc9, 0x6d, 0x92, 0xd9, 0x2d, 0xb2, 0x5b, 0x25, 0xb6,
  0x4b, 0x6c, 0xb6, 0xc9, 0x6d, 0x92, 0xd9, 0x2d, 0xb2, 0x5b, 0x65, 0xb6, 0x4b, 0x6c, 0xb6, 0xc9,
  0x6d, 0x92, 0xd9, 0x2d, 0xb2, 0x5b, 0x65, 0xb6, 0x4b, 0x6c, 0xb6, 0xc9, 0x6d, 0x92, 0xd9, 0x2d,
  0xb2, 0x5b, 0x65, 0xb6, 0x4b, 0x6c, 0xb6, 0xc9, 0x6d, 0x92, 0xd9, 0x2d, 0xb2, 0x5b, 0x65, 0xb6,
  0x4b, 0x6c, 0xb6, 0xc9, 0x6d, 0x92, 0xdb, 0x2d, 0xb2, 0x5b, 0x65, 0xb6, 0x4b, 0x6c, 0xb6, 0xc9,
  0x6d, 0x92, 0xdb, 0x2d, 0xb2, 0x5b, 0x65, 0xb6, 0x4b, 0x6c, 0xb6, 0xc9, 0x6d, 0x92, 0xdb, 0x2d,
  0xb2, 0x5b, 0x65, 0xb6, 0x4b, 0x6c, 0xb6, 0xd9, 0x6d, 0x92, 0xdb, 0x2d, 0xb2, 0x5b, 0x65, 0xb6,
  0x4b, 0x6c, 0xb6, 0xd9, 0x6d, 0x92, 0xdb, 0x2d, 0xb2, 0x5b, 0x65, 0xb6, 0x4b, 0x6c, 0xb6, 0xd9,
  0x6d, 0x92, 0xdb, 0x2d, 0xb2, 0x5b, 0x65, 0xb6, 0x4b, 0x6c, 0xb6, 0xd9, 0x6d, 0x92, 0xdb, 0x2d,
  0xb2, 0x5b, 0x65, 0xb6, 0xcb, 0x6c, 0xb6, 0xd9, 0x6d, 0x92, 0xdb, 0x2d, 0xb2, 0x5b, 0x65, 0xb6,
  0xcb, 0x6c, 0xb6, 0xd9, 0x6d, 0x92, 0xdb, 0x2d, 0xb2, 0x5b, 0x65, 0xb6, 0xcb, 0x6c, 0xb6, 0xd9,
  0x6d, 0x92, 0xdb, 0x2d, 0xb2, 0x5b, 0x65, 0xb6, 0xcb, 0x6c, 0xb6, 0xd9, 0x6d, 0x92, 0xdb, 0x2d,
  0xb6, 0x5b, 0x65, 0xb6, 0xcb, 0x6c, 0xb6, 0xd9, 0x6d, 0x92, 0xdb, 0x2d, 0xb6, 0x5b, 0x65, 0xb6,
  0xcb, 0x6c, 0xb6, 0xd9, 0x6d, 0x92, 0xdb, 0x2d, 0xb6, 0x5b, 0x65, 0xb6, 0xcb, 0x6c, 0xb6, 0xd9,
  0x6d, 0x92, 0xdb, 0x2d, 0xb6, 0x5b, 0x65, 0xb6, 0xcb, 0x6c, 0xb6, 0xd9, 0x6d, 0xb2, 0xdb, 0x2d,
  0xb6, 0x5b, 0x65, 0xb6, 0xcb, 0x6c, 0xb6, 0xd9, 0x6d, 0xb2, 0xdb, 0x2d, 0xb6, 0x5b, 0x65, 0xb6,
  0xcb, 0x6c, 0xb6, 0xd9, 0x6d, 0xb2, 0xdb, 0x2d, 0xb6, 0x5b, 0x65, 0xb6, 0xcb, 0x6d, 0xb6, 0xd9,
  0x6d, 0xb2, 0xdb, 0x2d, 0xb6, 0x5b, 0x65, 0xb6, 0xcb, 0x6d, 0xb6, 0xd9, 0x6d, 0xb2, 0xdb, 0x2d,
  0xb6, 0x5b, 0x65, 0xb6, 0xcb, 0x6d, 0xb6, 0xd9, 0x6d, 0xb2, 0xdb, 0x2d, 0xb6, 0x5b, 0x65, 0xb6,
  0xcb, 0x6d, 0xb6, 0xd9, 0x6d, 0xb2, 0xdb, 0x2d, 0xb6, 0x5b, 0x6d, 0xb6, 0xcb, 0x6d, 0xb6, 0xd9,
  0x6d, 0xb2, 0xdb, 0x2d, 0xb6, 0x5b, 0x6d, 0xb6, 0xcb, 0x6d, 0xb6, 0xd9, 0x6d, 0xb2, 0xdb, 0x2d,
  0xb6, 0x5b, 0x6d, 0xb6, 0xcb, 0x6d, 0xb6, 0xd9, 0x6d, 0xb2, 0xdb, 0x2d, 0xb6, 0x5b, 0x6d, 0xb6,
  0xcb, 0x6d, 0xb6, 0xd9, 0x6d, 0xb2, 0xdb, 0x6d, 0xb6, 0x5b, 0x6d, 0xb6, 0xcb, 0x6d, 0xb6, 0xd9,
  0x6d, 0xb2, 0xdb, 0x6d, 0xb6, 0x5b, 0x6d, 0xb6, 0xcb, 0x6d, 0xb6, 0xd9, 0x6d, 0xb2, 0xdb, 0x6d,
  0xb6, 0x5b, 0x6d, 0xb6, 0xcb, 0x6d, 0xb6, 0xd9, 0x6d, 0xb2, 0xdb, 0x6d, 0xb6, 0x5b, 0x6d, 0xb6,
  0xcb, 0x6d, 0xb6, 0xdb, 0x6d, 0xb2, 0xdb, 0x6d, 0xb6, 0x5b, 0x6d, 0xb6, 0xcb, 0x6d, 0xb6, 0xdb,
  0x6d, 0xb2, 0xdb, 0x6d, 0xb6, 0x5b, 0x6d, 0xb6, 0xcb, 0x6d, 0xb6, 0xdb, 0x6d, 0xb2, 0xdb, 0x6d,
  0xb6, 0x5b, 0x6d, 0xb6, 0xdb, 0x6d, 0xb6, 0xdb, 0x6d, 0xb2, 0xdb, 0x6d, 0xb6, 0x5b, 0x6d, 0xb6,
  0xdb, 0x6d, 0xb6, 0xdb, 0x6d, 0xb2, 0xdb, 0x6d, 0xb6, 0x5b, 0x6d, 0xb6, 0xdb, 0x6d, 0xb6, 0xdb,
  0x6d, 0xb2, 0xdb, 0x6d, 0xb6, 0x5b, 0x6d, 0xb6, 0xdb, 0x6d, 0xb6, 0xdb, 0x6d, 0xb2, 0xdb, 0x6d,
  0xb6, 0xdb, 0x6d, 0xb6, 0xdb, 0x6d, 0xb6, 0xdb, 0x6d, 0xb2, 0xdb, 0x6d, 0xb6, 0xdb, 0x6d, 0xb6,
  0xdb, 0x6d, 0xb6, 0xdb, 0x6d, 0xb2, 0xdb, 0x6d, 0xb6, 0xdb, 0x6d, 0xb6, 0xdb, 0x6d, 0xb6, 0xdb,
  0x6d, 0xb2, 0xdb, 0x6d, 0xb6, 0xdb, 0x6d, 0xb6, 0xdb, 0x6d, 0xb6, 0xdb, 0x6d, 0xb6, 0xdb, 0x6d,
  0xb6, 0xdb, 0x6d, 0xb6, 0xdb, 0x6d, 0xb6, 0xdb, 0x6d, 0xb6, 0xdb, 0x6d, 0xb6, 0xdb, 0x6d, 0xb6,
  0xdb, 0x6d, 0xb6, 0xdb, 0x6d, 0xb6, 0xdb, 0x6d, 0xb6, 0xdb, 0x6d, 0xb6, 0xdb, 0x6d, 0xb6, 0xdb,
  0x6d, 0xb6, 0xdb, 0x6d, 0xb6, 0xdb, 0x6d, 0xb6, 0xdb, 0x6d, 0xd6, 0xdb, 0x6d, 0xb6, 0xdb, 0x6d,
  0xb6, 0xdb, 0x6d, 0xb6, 0xdb, 0x6d, 0xd6, 0xdb, 0x6d, 0xb6, 0xdb, 0x6d, 0xb6, 0xdb, 0x6d, 0xb6,
  0xdb, 0x6d, 0xd6, 0xdb, 0x6d, 0xb6, 0xdb, 0x6d, 0xb6, 0xdb, 0x6e, 0xb6, 0xdb, 0x6d, 0xd6, 0xdb,
  0x6d, 0xb6, 0xdb, 0x6d, 0xb6, 0xdb, 0x6e, 0xb6, 0xdb, 0x6d, 0xd6, 0xdb, 0x6d, 0xb6, 0xdb, 0x6d,
  0xb6, 0xdb, 0x6e, 0xb6, 0xdb, 0x6d, 0xd6, 0xdb, 0x6d, 0xb6, 0xdb, 0x6d, 0xb6, 0xdb, 0x6e, 0xb6,
  0xdb, 0x6d, 0xd6, 0xdb, 0x6d, 0xb6, 0xdb, 0x75, 0xb6, 0xdb, 0x6e, 0xb6, 0xdb, 0x6d, 0xd6, 0xdb,
  0x6d, 0xb6, 0xdb, 0x75, 0xb6, 0xdb, 0x6e, 0xb6, 0xdb, 0x6d, 0xd6, 0xdb, 0x6d, 0xb6, 0xdb, 0x75,
  0xb6, 0xdb, 0x6e, 0xb6, 0xdb, 0x6d, 0xd6, 0xdb, 0x6d, 0xb6, 0xdb, 0x75, 0xb6, 0xdb, 0x6e, 0xb6,
  0xdb, 0x6d, 0xd6, 0xdb, 0xad, 0xb6, 0xdb, 0x75, 0xb6, 0xdb, 0x6e, 0xb6, 0xdb, 0x6d, 0xd6, 0xdb,
  0xad, 0xb6, 0xdb, 0x75, 0xb6, 0xdb, 0x6e, 0xb6, 0xdb, 0x6d, 0xd6, 0xdb, 0xad, 0xb6, 0xdb, 0x75,
  0xb6, 0xdb, 0x6e, 0xb6, 0xdb, 0x6d, 0xd6, 0xdb, 0xad, 0xb6, 0xdb, 0x75, 0xb6, 0xdb, 0x6e, 0xb6,
  0xdd, 0x6d, 0xd6, 0xdb, 0xad, 0xb6, 0xdb, 0x75, 0xb6, 0xdb, 0x6e, 0xb6, 0xdd, 0x6d, 0xd6, 0xdb,
  0xad, 0xb6, 0xdb, 0x75, 0xb6, 0xdb, 0x6e, 0xb6, 0xdd, 0x6d, 0xd6, 0xdb, 0xad, 0xb6, 0xdb, 0x75,
  0xb6, 0xeb, 0x6e, 0xb6, 0xdd, 0x6d, 0xd6, 0xdb, 0xad, 0xb6, 0xdb, 0x75, 0xb6, 0xeb, 0x6e, 0xb6,
  0xdd, 0x6d, 0xd6, 0xdb, 0xad, 0xb6, 0xdb, 0x75, 0xb6, 0xeb, 0x6e, 0xb6, 0xdd, 0x6d, 0xd6, 0xdb,
  0xad, 0xb6, 0xdb, 0x75, 0xb6, 0xeb, 0x6e, 0xb6, 0xdd, 0x6d, 0xd6, 0xdb, 0xad, 0xb7, 0x5b, 0x75,
  0xb6, 0xeb, 0x6e, 0xb6, 0xdd, 0x6d, 0xd6, 0xdb, 0xad, 0xb7, 0x5b, 0x75, 0xb6, 0xeb, 0x6e, 0xb6,
  0xdd, 0x6d, 0xd6, 0xdb, 0xad, 0xb7, 0x5b, 0x75, 0xb6, 0xeb, 0x6e, 0xb6, 0xdd, 0x6d, 0xd6, 0xdb,
  0xad, 0xb7, 0x5b, 0x75, 0xb6, 0xeb, 0x6e, 0xb6, 0xdd, 0x6d, 0xda, 0xdb, 0xad, 0xb7, 0x5b, 0x75,
  0xb6, 0xeb, 0x6e, 0xb6, 0xdd, 0x6d, 0xda, 0xdb, 0xad, 0xb7, 0x5b, 0x75, 0xb6, 0xeb, 0x6e, 0xb6,
  0xdd, 0x6d, 0xda, 0xdb, 0xad, 0xb7, 0x5b, 0x75, 0xb6, 0xeb, 0x6e, 0xd6, 0xdd, 0x6d, 0xda, 0xdb,
  0xad, 0xb7, 0x5b, 0x75, 0xb6, 0xeb, 0x6e, 0xd6, 0xdd, 0x6d, 0xda, 0xdb, 0xad, 0xb7, 0x5b, 0x75,
  0xb6, 0xeb, 0x6e, 0xd6, 0xdd, 0x6d, 0xda, 0xdb, 0xad, 0xb7, 0x5b, 0x75, 0xb6, 0xeb, 0x6e, 0xd6,
  0xdd, 0x6d, 0xda, 0xdb, 0xad, 0xb7, 0x5b, 0x76, 0xb6, 0xeb, 0x6e, 0xd6, 0xdd, 0x6d, 0xda, 0xdb,
  0xad, 0xb7, 0x5b, 0x76, 0xb6, 0xeb, 0x6e, 0xd6, 0xdd, 0x6d, 0xda, 0xdb, 0xad, 0xb7, 0x5b, 0x76,
  0xb6, 0xeb, 0x6e, 0xd6, 0xdd, 0x6d, 0xda, 0xdb, 0xad, 0xb7, 0x5b, 0x76, 0xb6, 0xeb, 0x6e, 0xd6,
  0xdd, 0x6d, 0xda, 0xdb, 0xb5, 0xb7, 0x5b, 0x76, 0xb6, 0xeb, 0x6e, 0xd6, 0xdd, 0x6d, 0xda, 0xdb,
  0xb5, 0xb7, 0x5b, 0x76, 0xb6, 0xeb, 0x6e, 0xd6, 0xdd, 0x6d, 0xda, 0xdb, 0xb5, 0xb7, 0x5b, 0x76,
  0xb6, 0xeb, 0x6e, 0xd6, 0xdd, 0x6d, 0xda, 0xdb, 0xb5, 0xb7, 0x5b, 0x76, 0xb6, 0xeb, 0x6e, 0xd6,
  0xdd, 0xad, 0xda, 0xdb, 0xb5, 0xb7, 0x5b, 0x76, 0xb6, 0xeb, 0x6e, 0xd6, 0xdd, 0xad, 0xda, 0xdb,
  0xb5, 0xb7, 0x5b, 0x76, 0xb6, 0xeb, 0x6e, 0xd6, 0xdd, 0xad, 0xda, 0xdb, 0xb5, 0xb7, 0x5b, 0x76,
  0xb6, 0xed, 0x6e, 0xd6, 0xdd, 0xad, 0xda, 0xdb, 0xb5, 0xb7, 0x5b, 0x76, 0xb6, 0xed, 0x6e, 0xd6,
  0xdd, 0xad, 0xda, 0xdb, 0xb5, 0xb7, 0x5b, 0x76, 0xb6, 0xed, 0x6e, 0xd6, 0xdd, 0xad, 0xda, 0xdb,
  0xb5, 0xb7, 0x5b, 0x76, 0xb6, 0xed, 0x6e, 0xd6, 0xdd, 0xad, 0xda, 0xdb, 0xb5, 0xb7, 0x6b, 0x76,
  0xb6, 0xed, 0x6e, 0xd6, 0xdd, 0xad, 0xda, 0xdb, 0xb5, 0xb7, 0x6b, 0x76, 0xb6, 0xed, 0x6e, 0xd6,
  0xdd, 0xad, 0xda, 0xdb, 0xb5, 0xb7, 0x6b, 0x76, 0xb6, 0xed, 0x6e, 0xd6, 0xdd, 0xad, 0xda, 0xdb,
  0xb5, 0xb7, 0x6b, 0x76, 0xb6, 0xed, 0x6e, 0xd6, 0xdd, 0xad, 0xdb, 0x5b, 0xb5, 0xb7, 0x6b, 0x76,
  0xb6, 0xed, 0x6e, 0xd6, 0xdd, 0xad, 0xdb, 0x5b, 0xb5, 0xb7, 0x6b, 0x76, 0xb6, 0xed, 0x6e, 0xd6,
  0xdd, 0xad, 0xdb, 0x5b, 0xb5, 0xb7, 0x6b, 0x76, 0xb6, 0xed, 0x6e, 0xd6, 0xdd, 0xad, 0xdb, 0x5b,
  0xb5, 0xb7, 0x6b, 0x76, 0xb6, 0xed, 0x6e, 0xda, 0xdd, 0xad, 0xdb, 0x5b, 0xb5, 0xb7, 0x6b, 0x76,
  0xb6, 0xed, 0x6e, 0xda, 0xdd, 0xad, 0xdb, 0x5b, 0xb5, 0xb7, 0x6b, 0x76, 0xb6, 0xed, 0x6e, 0xda,
  0xdd, 0xad, 0xdb, 0x5b, 0xb5, 0xb7, 0x6b, 0x76, 0xd6, 0xed, 0x6e, 0xda, 0xdd, 0xad, 0xdb, 0x5b,
  0xb5, 0xb7, 0x6b, 0x76, 0xd6, 0xed, 0x6e, 0xda, 0xdd, 0xad, 0xdb, 0x5b, 0xb5, 0xb7, 0x6b, 0x76,
  0xd6, 0xed, 0x6e, 0xda, 0xdd, 0xad, 0xdb, 0x5b, 0xb5, 0xb7, 0x6b, 0x76, 0xd6, 0xed, 0x6e, 0xda,
  0xdd, 0xad, 0xdb, 0x5b, 0xb6, 0xb7, 0x6b, 0x76, 0xd6, 0xed, 0x6e, 0xda, 0xdd, 0xad, 0xdb, 0x5b,
  0xb6, 0xb7, 0x6b, 0x76, 0xd6, 0xed, 0x6e, 0xda, 0xdd, 0xad, 0xdb, 0x5b, 0xb6, 0xb7, 0x6b, 0x76,
  0xd6, 0xed, 0x6e, 0xda, 0xdd, 0xad, 0xdb, 0x5b, 0xb6, 0xb7, 0x6b, 0x76, 0xd6, 0xed, 0x6e, 0xda,
  0xdd, 0xb5, 0xdb, 0x5b, 0xb6, 0xb7, 0x6b, 0x76, 0xd6, 0xed, 0x6e, 0xda, 0xdd, 0xb5, 0xdb, 0x5b,
  0xb6, 0xb7, 0x6b, 0x76, 0xd6, 0xed, 0x6e, 0xda, 0xdd, 0xb5, 0xdb, 0x5b, 0xb6, 0xb7, 0x6b, 0x76,
  0xd6, 0xed, 0x6e, 0xda, 0xdd, 0xb5, 0xdb, 0x5b, 0xb6, 0xb7, 0x6b, 0x76, 0xd6, 0xed, 0xae, 0xda,
  0xdd, 0xb5, 0xdb, 0x5b, 0xb6, 0xb7, 0x6b, 0x76, 0xd6, 0xed, 0xae, 0xda, 0xdd, 0xb5, 0xdb, 0x5b,
  0xb6, 0xb7, 0x6b, 0x76, 0xd6, 0xed, 0xae, 0xda, 0xdd, 0xb5, 0xdb, 0x5b, 0xb6, 0xb7, 0x6d, 0x76,
  0xd6, 0xed, 0xae, 0xda, 0xdd, 0xb5, 0xdb, 0x5b, 0xb6, 0xb7, 0x6d, 0x76, 0xd6, 0xed, 0xae, 0xda,
  0xdd, 0xb5, 0xdb, 0x5b, 0xb6, 0xb7, 0x6d, 0x76, 0xd6, 0xed, 0xae, 0xda, 0xdd, 0xb5, 0xdb, 0x5b,
  0xb6, 0xb7, 0x6d, 0x76, 0xd6, 0xed, 0xae, 0xda, 0xdd, 0xb5, 0xdb, 0x6b, 0x6d, 0xb6, 0xdb, 0x6d,
  0xb2, 0xdb, 0x6d, 0xb6, 0x5b, 0x6d, 0xb6, 0xdb, 0x6d, 0xb6, 0xdb, 0x6d, 0xb2, 0xdb, 0x6d, 0xb6,
  0x5b, 0x6d, 0xb6, 0xdb, 0x6d, 0xb6, 0xdb, 0x6d, 0xb2, 0xdb, 0x6d, 0xb6, 0x5b, 0x6d, 0xb6, 0xdb,
  0x6d, 0xb6, 0xdb, 0x6d, 0xb2, 0xdb, 0x6d, 0xb6, 0xdb, 0x6d, 0xb6, 0xdb, 0x6d, 0xb6, 0xdb, 0x6d,
  0xb2, 0xdb, 0x6d, 0xb6, 0xdb, 0x6d, 0xb6, 0xdb, 0x6d, 0xb6, 0xdb, 0x6d, 0xb2, 0xdb, 0x6d, 0xb6,
  0xdb, 0x6d, 0xb6, 0xdb, 0x6d, 0xb6, 0xdb, 0x6d, 0xb2, 0xdb, 0x6d, 0xb6, 0xdb, 0x6d, 0xb6, 0xdb,
  0x6d, 0xb6, 0xdb, 0x6d, 0xb6, 0xdb, 0x6d, 0xb6, 0xdb, 0x6d, 0xb6, 0xdb, 0x6d, 0xb6, 0xdb, 0x6d,
  0xb6, 0xdb, 0x6d, 0xb6, 0xdb, 0x6d, 0xb6, 0xdb, 0x6d, 0xb6, 0xdb, 0x6d, 0xb6, 0xdb, 0x6d, 0xb6,
  0xdb, 0x6d, 0xb6, 0xdb, 0x6d, 0xd6, 0xdb, 0x6d, 0xb6, 0xdb, 0x6d, 0xb6, 0xdb, 0x6d, 0xb6, 0xdb,
  0x6d, 0xd6, 0xdb, 0x6d, 0xb6, 0xdb, 0x6d, 0xb6, 0xdb, 0x6d, 0xb6, 0xdb, 0x6d, 0xd6, 0xdb, 0x6d,
  0xb6, 0xdb, 0x6d, 0xb6, 0xdb, 0x6d, 0xb6, 0xdb, 0x6d, 0xd6, 0xdb, 0x6d, 0xb6, 0xdb, 0x6d, 0xb6,
  0xdb, 0x6e, 0xb6, 0xdb, 0x6d, 0xd6, 0xdb, 0x6d, 0xb6, 0xdb, 0x6d, 0xb6, 0xdb, 0x6e, 0xb6, 0xdb,
  0x6d, 0xd6, 0xdb, 0x6d, 0xb6, 0xdb, 0x6d, 0xb6, 0xdb, 0x6e, 0xb6, 0xdb, 0x6d, 0xd6, 0xdb, 0x6d,
  0xb6, 0xdb, 0x6d, 0xb6, 0xdb, 0x6e, 0xb6, 0xdb, 0x6d, 0xd6, 0xdb, 0x6d, 0xb6, 0xdb, 0x75, 0xb6,
  0xdb, 0x6e, 0xb6, 0xdb, 0x6d, 0xd6, 0xdb, 0x6d, 0xb6, 0xdb, 0x75, 0xb6, 0xdb, 0x6e, 0xb6, 0xdb,
  0x6d, 0xd6, 0xdb, 0x6d, 0xb6, 0xdb, 0x75, 0xb6, 0xdb, 0x6e, 0xb6, 0xdb, 0x6d, 0xd6, 0xdb, 0x6d,
  0xb6, 0xdb, 0x75, 0xb6, 0xdb, 0x6e, 0xb6, 0xdb, 0x6d, 0xd6, 0xdb, 0xad, 0xb6, 0xdb, 0x75, 0xb6,
  0xdb, 0x6e, 0xb6, 0xdb, 0x6d, 0xd6, 0xdb, 0xad, 0xb6, 0xdb, 0x75, 0xb6, 0xdb, 0x6e, 0xb6, 0xdb,
  0x6d, 0xd6, 0xdb, 0xad, 0xb6, 0xdb, 0x75, 0xb6, 0xdb, 0x6e, 0xb6, 0xdd, 0x6d, 0xd6, 0xdb, 0xad,
  0xb6, 0xdb, 0x75, 0xb6, 0xdb, 0x6e, 0xb6, 0xdd, 0x6d, 0xd6, 0xdb, 0xad, 0xb6, 0xdb, 0x75, 0xb6,
  0xdb, 0x6e, 0xb6, 0xdd, 0x6d, 0xd6, 0xdb, 0xad, 0xb6, 0xdb, 0x75, 0xb6, 0xdb, 0x6e, 0xb6, 0xdd,
  0x6d, 0xd6, 0xdb, 0xad, 0xb6, 0xdb, 0x75, 0xb6, 0xeb, 0x6e, 0xb6, 0xdd, 0x6d, 0xd6, 0xdb, 0xad,
  0xb6, 0xdb, 0x75, 0xb6, 0xeb, 0x6e, 0xb6, 0xdd, 0x6d, 0xd6, 0xdb, 0xad, 0xb6, 0xdb, 0x75, 0xb6,
  0xeb, 0x6e, 0xb6, 0xdd, 0x6d, 0xd6, 0xdb, 0xad, 0xb6, 0xdb, 0x75, 0xb6, 0xeb, 0x6e, 0xb6, 0xdd,
  0x6d, 0xd6, 0xdb, 0xad, 0xb7, 0x5b, 0x75, 0xb6, 0xeb, 0x6e, 0xb6, 0xdd, 0x6d, 0xd6, 0xdb, 0xad,
  0xb7, 0x5b, 0x75, 0xb6, 0xeb, 0x6e, 0xb6, 0xdd, 0x6d, 0xd6, 0xdb, 0xad, 0xb7, 0x5b, 0x75, 0xb6,
  0xeb, 0x6e, 0xb6, 0xdd, 0x6d, 0xd6, 0xdb, 0xad, 0xb7, 0x5b, 0x75, 0xb6, 0xeb, 0x6e, 0xb6, 0xdd,
  0x6d, 0xda, 0xdb, 0xad, 0xb7, 0x5b, 0x75, 0xb6, 0xeb, 0x6e, 0xb6, 0xdd, 0x6d, 0xda, 0xdb, 0xad,
  0xb7, 0x5b, 0x75, 0xb6, 0xeb, 0x6e, 0xb6, 0xdd, 0x6d, 0xda, 0xdb, 0xad, 0xb7, 0x5b, 0x75, 0xb6,
  0xeb, 0x6e, 0xd6, 0xdd, 0x6d, 0xda, 0xdb, 0xad, 0xb7, 0x5b, 0x75, 0xb6, 0xeb, 0x6e, 0xd6, 0xdd,
  0x6d, 0xda, 0xdb, 0xad, 0xb7, 0x5b, 0x75, 0xb6, 0xeb, 0x6e, 0xd6, 0xdd, 0x6d, 0xda, 0xdb, 0xad,
  0xb7, 0x5b, 0x75, 0xb6, 0xeb, 0x6e, 0xd6, 0xdd, 0x6d, 0xda, 0xdb, 0xad, 0xb7, 0x5b, 0x76, 0xb6,
  0xeb, 0x6e, 0xd6, 0xdd, 0x6d, 0xda, 0xdb, 0xad, 0xb7, 0x5b, 0x76, 0xb6, 0xeb, 0x6e, 0xd6, 0xdd,
  0x6d, 0xda, 0xdb, 0xad, 0xb7, 0x5b, 0x76, 0xb6, 0xeb, 0x6e, 0xd6, 0xdd, 0x6d, 0xda, 0xdb, 0xad,
  0xb7, 0x5b, 0x76, 0xb6, 0xeb, 0x6e, 0xd6, 0xdd, 0x6d, 0xda, 0xdb, 0xb5, 0xb7, 0x5b, 0x76, 0xb6,
  0xeb, 0x6e, 0xd6, 0xdd, 0x6d, 0xda, 0xdb, 0xb5, 0xb7, 0x5b, 0x76, 0xb6, 0xeb, 0x6e, 0xd6, 0xdd,
  0x6d, 0xda, 0xdb, 0xb5, 0xb7, 0x5b, 0x76, 0xb6, 0xeb, 0x6e, 0xd6, 0xdd, 0x6d, 0xda, 0xdb, 0xb5,
  0xb7, 0x5b, 0x76, 0xb6, 0xeb, 0x6e, 0xd6, 0xdd, 0xad, 0xda, 0xdb, 0xb5, 0xb7, 0x5b, 0x76, 0xb6,
  0xeb, 0x6e, 0xd6, 0xdd, 0xad, 0xda, 0xdb, 0xb5, 0xb7, 0x5b, 0x76, 0xb6, 0xeb, 0x6e, 0xd6, 0xdd,
  0xad, 0xda, 0xdb, 0xb5, 0xb7, 0x5b, 0x76, 0xb6, 0xed, 0x6e, 0xd6, 0xdd, 0xad, 0xda, 0xdb, 0xb5,
  0xb7, 0x5b, 0x76, 0xb6, 0xed, 0x6e, 0xd6, 0xdd, 0xad, 0xda, 0xdb, 0xb5, 0xb7, 0x5b, 0x76, 0xb6,
  0xed, 0x6e, 0xd6, 0xdd, 0xad, 0xda, 0xdb, 0xb5, 0xb7, 0x5b, 0x76, 0xb6, 0xed, 0x6e, 0xd6, 0xdd,
  0xad, 0xda, 0xdb, 0xb5, 0xb7, 0x6b, 0x76, 0xb6, 0xed, 0x6e, 0xd6, 0xdd, 0xad, 0xda, 0xdb, 0xb5,
  0xb7, 0x6b, 0x76, 0xb6, 0xed, 0x6e, 0xd6, 0xdd, 0xad, 0xda, 0xdb, 0xb5, 0xb7, 0x6b, 0x76, 0xb6,
  0xed, 0x6e, 0xd6, 0xdd, 0xad, 0xda, 0xdb, 0xb5, 0xb7, 0x6b, 0x76, 0xb6, 0xed, 0x6e, 0xd6, 0xdd,
  0xad, 0xdb, 0x5b, 0xb5, 0xb7, 0x6b, 0x76, 0xb6, 0xed, 0x6e, 0xd6, 0xdd, 0xad, 0xdb, 0x5b, 0xb5,
  0xb7, 0x6b, 0x76, 0xb6, 0xed, 0x6e, 0xd6, 0xdd, 0xad, 0xdb, 0x5b, 0xb5, 0xb7, 0x6b, 0x76, 0xb6,
  0xed, 0x6e, 0xd6, 0xdd, 0xad, 0xdb, 0x5b, 0xb5, 0xb7, 0x6b, 0x76, 0xb6, 0xed, 0x6e, 0xda, 0xdd,
  0xad, 0xdb, 0x5b, 0xb5, 0xb7, 0x6b, 0x76, 0xb6, 0xed, 0x6e, 0xda, 0xdd, 0xad, 0xdb, 0x5b, 0xb5,
  0xb7, 0x6b, 0x76, 0xb6, 0xed, 0x6e, 0xda, 0xdd, 0xad, 0xdb, 0x5b, 0xb5, 0xb7, 0x6b, 0x76, 0xd6,
  0xed, 0x6e, 0xda, 0xdd, 0xad, 0xdb, 0x5b, 0xb5, 0xb7, 0x6b, 0x76, 0xd6, 0xed, 0x6e, 0xda, 0xdd,
  0xad, 0xdb, 0x5b, 0xb5, 0xb7, 0x6b, 0x76, 0xd6, 0xed, 0x6e, 0xda, 0xdd, 0xad, 0xdb, 0x5b, 0xb5,
  0xb7, 0x6b, 0x76, 0xd6, 0xed, 0x6e, 0xda, 0xdd, 0xad, 0xdb, 0x5b, 0xb6, 0xb7, 0x6b, 0x76, 0xd6,
  0xed, 0x6e, 0xda, 0xdd, 0xad, 0xdb, 0x5b, 0xb6, 0xb7, 0x6b, 0x76, 0xd6, 0xed, 0x6e, 0xda, 0xdd,
  0xad, 0xdb, 0x5b, 0xb6, 0xb7, 0x6b, 0x76, 0xd6, 0xed, 0x6e, 0xda, 0xdd, 0xad, 0xdb, 0x5b, 0xb6,
  0xb7, 0x6b, 0x76, 0xd6, 0xed, 0x6e, 0xda, 0xdd, 0xb5, 0xdb, 0x5b, 0xb6, 0xb7, 0x6b, 0x76, 0xd6,
  0xed, 0x6e, 0xda, 0xdd, 0xb5, 0xdb, 0x5b, 0xb6, 0xb7, 0x6b, 0x76, 0xd6, 0xed, 0x6e, 0xda, 0xdd,
  0xb5, 0xdb, 0x5b, 0xb6, 0xb7, 0x6b, 0x76, 0xd6, 0xed, 0x6e, 0xda, 0xdd, 0xb5, 0xdb, 0x5b, 0xb6,
  0xb7, 0x6b, 0x76, 0xd6, 0xed, 0xae, 0xda, 0xdd, 0xb5, 0xdb, 0x5b, 0xb6, 0xb7, 0x6b, 0x76, 0xd6,
  0xed, 0xae, 0xda, 0xdd, 0xb5, 0xdb, 0x5b, 0xb6, 0xb7, 0x6b, 0x76, 0xd6, 0xed, 0xae, 0xda, 0xdd,
  0xb5, 0xdb, 0x5b, 0xb6, 0xb7, 0x6d, 0x76, 0xd6, 0xed, 0xae, 0xda, 0xdd, 0xb5, 0xdb, 0x5b, 0xb6,
  0xb7, 0x6d, 0x76, 0xd6, 0xed, 0xae, 0xda, 0xdd, 0xb5, 0xdb, 0x5b, 0xb6, 0xb7, 0x6d, 0x76, 0xd6,
  0xed, 0xae, 0xda, 0xdd, 0xb5, 0xdb, 0x5b, 0xb6, 0xb7, 0x6d, 0x76, 0xd6, 0xed, 0xae, 0xda, 0xdd,
  0xb5, 0xdb, 0x6b, 0xb6, 0xb7, 0x6d, 0x76, 0xd6, 0xed, 0xae, 0xda, 0xdd, 0xb5, 0xdb, 0x6b, 0xb6,
  0xb7, 0x6d, 0x76, 0xd6, 0xed, 0xae, 0xda, 0xdd, 0xb5, 0xdb, 0x6b, 0xb6, 0xb7, 0x6d, 0x76, 0xd6,
  0xed, 0xae, 0xda, 0xdd, 0xb5, 0xdb, 0x6b, 0xb6, 0xb7, 0x6d, 0x76, 0xd6, 0xed, 0xae, 0xdb, 0x5d,
  0xb5, 0xdb, 0x6b, 0xb6, 0xb7, 0x6d, 0x76, 0xd6, 0xed, 0xae, 0xdb, 0x5d, 0xb5, 0xdb, 0x6b, 0xb6,
  0xb7, 0x6d, 0x76, 0xd6, 0xed, 0xae, 0xdb, 0x5d, 0xb5, 0xdb, 0x6b, 0xb6, 0xb7, 0x6d, 0x76, 0xd6,
  0xed, 0xae, 0xdb, 0x5d, 0xb5, 0xdb, 0x6b, 0xb6, 0xb7, 0x6d, 0x76, 0xda, 0xed, 0xae, 0xdb, 0x5d,
  0xb5, 0xdb, 0x6b, 0xb6, 0xb7, 0x6d, 0x76, 0xda, 0xed, 0xae, 0xdb, 0x5d, 0xb5, 0xdb, 0x6b, 0xb6,
  0xb7, 0x6d, 0x76, 0xda, 0xed, 0xae, 0xdb, 0x5d, 0xb5, 0xdb, 0x6b, 0xb6, 0xd7, 0x6d, 0x76, 0xda,
  0xed, 0xae, 0xdb, 0x5d, 0xb5, 0xdb, 0x6b, 0xb6, 0xd7, 0x6d, 0x76, 0xda, 0xed, 0xae, 0xdb, 0x5d,
  0xb5, 0xdb, 0x6b, 0xb6, 0xd7, 0x6d, 0x76, 0xda, 0xed, 0xae, 0xdb, 0x5d, 0xb5, 0xdb, 0x6b, 0xb6,
  0xd7, 0x6d, 0x76, 0xda, 0xed, 0xae, 0xdb, 0x5d, 0xb6, 0xdb, 0x6b, 0xb6, 0xd7, 0x6d, 0x76, 0xda,
  0xed, 0xae, 0xdb, 0x5d, 0xb6, 0xdb, 0x6b, 0xb6, 0xd7, 0x6d, 0x76, 0xda, 0xed, 0xae, 0xdb, 0x5d,
  0xb6, 0xdb, 0x6b, 0xb6, 0xd7, 0x6d, 0x76, 0xda, 0xed, 0xae, 0xdb, 0x5d, 0xb6, 0xdb, 0x6b, 0xb6,
  0xd7, 0x6d, 0x76, 0xda, 0xed, 0xb6, 0xdb, 0x5d, 0xb6, 0xdb, 0x6b, 0xb6, 0xd7, 0x6d, 0x76, 0xda,
  0xed, 0xb6, 0xdb, 0x5d, 0xb6, 0xdb, 0x6b, 0xb6, 0xd7, 0x6d, 0x76, 0xda, 0xed, 0xb6, 0xdb, 0x5d,
  0xb6, 0xdb, 0x6b, 0xb6, 0xd7, 0x6d, 0x76, 0xda, 0xed, 0xb6, 0xdb, 0x5d, 0xb6, 0xdb, 0x6b, 0xb6,
  0xd7, 0x6d, 0xb6, 0xda, 0xed, 0xb6, 0xdb, 0x5d, 0xb6, 0xdb, 0x6b, 0xb6, 0xd7, 0x6d, 0xb6, 0xda,
  0xed, 0xb6, 0xdb, 0x5d, 0xb6, 0xdb, 0x6b, 0xb6, 0xd7, 0x6d, 0xb6, 0xda, 0xed, 0xb6, 0xdb, 0x5d,
  0xb6, 0xdb, 0x6d, 0xb6, 0xd7, 0x6d, 0xb6, 0xda, 0xed, 0xb6, 0xdb, 0x5d, 0xb6, 0xdb, 0x6d, 0xb6,
  0xd7, 0x6d, 0xb6, 0xda, 0xed, 0xb6, 0xdb, 0x5d, 0xb6, 0xdb, 0x6d, 0xb6, 0xd7, 0x6d, 0xb6, 0xda,
  0xed, 0xb6, 0xdb, 0x5d, 0xb6, 0xdb, 0x6d, 0xb6, 0xd7, 0x6d, 0xb6, 0xda, 0xed, 0xb6, 0xdb, 0x6d,
  0xb6, 0xdb, 0x6d, 0xb6, 0xd7, 0x6d, 0xb6, 0xda, 0xed, 0xb6, 0xdb, 0x6d, 0xb6, 0xdb, 0x6d, 0xb6,
  0xd7, 0x6d, 0xb6, 0xda, 0xed, 0xb6, 0xdb, 0x6d, 0xb6, 0xdb, 0x6d, 0xb6, 0xd7, 0x6d, 0xb6, 0xda,
  0xed, 0xb6, 0xdb, 0x6b, 0x6e, 0xb6, 0xed, 0x6d, 0xd6, 0xdd, 0xad, 0xbb, 0x5b, 0x75, 0xb7, 0x6b,
  0x6e, 0xb6, 0xed, 0x6d, 0xd6, 0xdb, 0xad, 0xbb, 0x5b, 0x75, 0xb7, 0x6b, 0x6e, 0xb6, 0xed, 0x6d,
  0xd6, 0xdb, 0xad, 0xbb, 0x5b, 0x75, 0xb7, 0x6b, 0x6e, 0xb6, 0xed, 0x6d, 0xd6, 0xdb, 0xad, 0xbb,
  0x5b, 0x75, 0xb7, 0x6b, 0x6e, 0xb6, 0xed, 0x6d, 0xda, 0xdb, 0xad, 0xbb, 0x5b, 0x75, 0xb7, 0x6b,
  0x6e, 0xb6, 0xed, 0x6d, 0xda, 0xdb, 0xad, 0xbb, 0x5b, 0x75, 0xb7, 0x6b, 0x6e, 0xb6, 0xed, 0x6d,
  0xda, 0xdb, 0xad, 0xbb, 0x5b, 0x75, 0xb7, 0x6b, 0x6e, 0xd6, 0xed, 0x6d, 0xda, 0xdb, 0xad, 0xbb,
  0x5b, 0x75, 0xb7, 0x6b, 0x6e, 0xd6, 0xed, 0x6d, 0xda, 0xdb, 0xad, 0xbb, 0x5b, 0x75, 0xb7, 0x6b,
  0x6e, 0xd6, 0xdd, 0x6d, 0xda, 0xdb, 0xad, 0xbb, 0x5b, 0x75, 0xb7, 0x6b, 0x6e, 0xd6, 0xdd, 0x6d,
  0xda, 0xdb, 0xad, 0xbb, 0x5b, 0x76, 0xb7, 0x6b, 0x6e, 0xd6, 0xdd, 0x6d, 0xda, 0xdb, 0xad, 0xbb,
  0x5b, 0x76, 0xb7, 0x6b, 0x6e, 0xd6, 0xdd, 0x6d, 0xda, 0xdb, 0xad, 0xbb, 0x5b, 0x76, 0xb7, 0x6b,
  0x6e, 0xd6, 0xdd, 0x6d, 0xda, 0xdb, 0xad, 0xbb, 0x5b, 0x76, 0xb7, 0x6b, 0x6e, 0xd6, 0xdd, 0x6d,
  0xda, 0xdb, 0xb5, 0xbb, 0x5b, 0x76, 0xb7, 0x6b, 0x6e, 0xd6, 0xdd, 0x6d, 0xda, 0xdb, 0xb5, 0xbb,
  0x5b, 0x76, 0xb7, 0x6b, 0x6e, 0xd6, 0xdd, 0x6d, 0xda, 0xdb, 0xb5, 0xbb, 0x5b, 0x76, 0xb6, 0xeb,
  0x6e, 0xd6, 0xdd, 0xad, 0xda, 0xdb, 0xb5, 0xbb, 0x5b, 0x76, 0xb6, 0xeb, 0x6e, 0xd6, 0xdd, 0xad,
  0xda, 0xdb, 0xb5, 0xbb, 0x5b, 0x76, 0xb6, 0xeb, 0x6e, 0xd6, 0xdd, 0xad, 0xda, 0xdb, 0xb5, 0xbb,
  0x5b, 0x76, 0xb6, 0xeb, 0x6e, 0xd6, 0xdd, 0xad, 0xda, 0xdb, 0xb5, 0xbb, 0x5b, 0x76, 0xb6, 0xed,
  0x6e, 0xd6, 0xdd, 0xad, 0xda, 0xdb, 0xb5, 0xbb, 0x5b, 0x76, 0xb6, 0xed, 0x6e, 0xd6, 0xdd, 0xad,
  0xda, 0xdb, 0xb5, 0xbb, 0x5b, 0x76, 0xb6, 0xed, 0x6e, 0xd6, 0xdd, 0xad, 0xda, 0xdb, 0xb5, 0xb7,
  0x5b, 0x76, 0xb6, 0xed, 0x6e, 0xd6, 0xdd, 0xad, 0xda, 0xdb, 0xb5, 0xb7, 0x6b, 0x76, 0xb6, 0xed,
  0x6e, 0xd6, 0xdd, 0xad, 0xda, 0xdb, 0xb5, 0xb7, 0x6b, 0x76, 0xb6, 0xed, 0x6e, 0xd6, 0xdd, 0xad,
  0xda, 0xdb, 0xb5, 0xb7, 0x6b, 0x76, 0xb6, 0xed, 0x6e, 0xd6, 0xdd, 0xad, 0xda, 0xdb, 0xb5, 0xb7,
  0x6b, 0x76, 0xb6, 0xed, 0x6e, 0xd6, 0xdd, 0xad, 0xdb, 0x5b, 0xb5, 0xb7, 0x6b, 0x76, 0xb6, 0xed,
  0x6e, 0xd6, 0xdd, 0xad, 0xdb, 0x5b, 0xb5, 0xb7, 0x6b, 0x76, 0xb6, 0xed, 0x6e, 0xd6, 0xdd, 0xad,
  0xdb, 0x5b, 0xb5, 0xb7, 0x6b, 0x76, 0xb6, 0xed, 0x6e, 0xda, 0xdd, 0xad, 0xbb, 0x5b, 0xb5, 0xb7,
  0x6b, 0x76, 0xb6, 0xed, 0x6e, 0xda, 0xdd, 0xad, 0xbb, 0x5b, 0xb5, 0xb7, 0x6b, 0x76, 0xb6, 0xed,
  0x6e, 0xda, 0xdd, 0xad, 0xbb, 0x5b, 0xb5, 0xb7, 0x6b, 0x76, 0xb6, 0xed, 0x6e, 0xda, 0xdd, 0xad,
  0xbb, 0x5b, 0xb5, 0xb7, 0x6b, 0x76, 0xd6, 0xed, 0x6e, 0xda, 0xdd, 0xad, 0xbb, 0x5b, 0xb5, 0xb7,
  0x6b, 0x76, 0xd6, 0xed, 0x6e, 0xda, 0xdd, 0xad, 0xbb, 0x5b, 0xb5, 0xb7, 0x6b, 0x76, 0xd6, 0xed,
  0x6e, 0xda, 0xdd, 0xad, 0xbb, 0x5b, 0xb5, 0xb7, 0x6b, 0x76, 0xd6, 0xed, 0x6e, 0xda, 0xdd, 0xad,
  0xbb, 0x5b, 0xb6, 0xb7, 0x6b, 0x76, 0xd6, 0xed, 0x6d, 0xda, 0xdd, 0xad, 0xbb, 0x5b, 0xb6, 0xb7,
  0x6b, 0x76, 0xd6, 0xed, 0x6d, 0xda, 0xdd, 0xad, 0xbb, 0x5b, 0xb6, 0xb7, 0x6b, 0x76, 0xd6, 0xed,
  0x6d, 0xda, 0xdd, 0xad, 0xbb, 0x5b, 0xb6, 0xb7, 0x6b, 0x76, 0xd6, 0xed, 0x6d, 0xda, 0xdd, 0xb5,
  0xbb, 0x5b, 0xb6, 0xb7, 0x6b, 0x76, 0xd6, 0xed, 0x6d, 0xda, 0xdd, 0xb5, 0xbb, 0x5b, 0xb6, 0xb7,
  0x6b, 0x76, 0xd6, 0xed, 0x6d, 0xda, 0xdd, 0xb5, 0xbb, 0x5b, 0xb6, 0xb7, 0x6b, 0x76, 0xd6, 0xed,
  0xad, 0xda, 0xdd, 0xb5, 0xbb, 0x5b, 0xb6, 0xb7, 0x6b, 0x76, 0xd6, 0xed, 0xad, 0xda, 0xdd, 0xb5,
  0xbb, 0x5b, 0xb6, 0xb7, 0x6b, 0x6e, 0xd6, 0xed, 0xad, 0xda, 0xdd, 0xb5, 0xbb, 0x5b, 0xb6, 0xb7,
  0x6b, 0x6e, 0xd6, 0xed, 0xad, 0xda, 0xdd, 0xb5, 0xbb, 0x5b, 0xb6, 0xb7, 0x6d, 0x6e, 0xd6, 0xed,
  0xad, 0xda, 0xdd, 0xb5, 0xbb, 0x5b, 0xb6, 0xb7, 0x6d, 0x6e, 0xd6, 0xed, 0xad, 0xda, 0xdd, 0xb5,
  0xbb, 0x5b, 0xb6, 0xb7, 0x6d, 0x6e, 0xd6, 0xed, 0xad, 0xda, 0xdd, 0xb5, 0xbb, 0x5b, 0xb6, 0xb7,
  0x6d, 0x6e, 0xd6, 0xed, 0xad, 0xda, 0xdd, 0xb5, 0xbb, 0x6b, 0xb6, 0xb7, 0x6d, 0x6e, 0xd6, 0xed,
  0xad, 0xda, 0xdd, 0xb5, 0xbb, 0x6b, 0xb6, 0xb7, 0x6d, 0x6e, 0xd6, 0xed, 0xad, 0xda, 0xdd, 0xb5,
  0xbb, 0x6b, 0x76, 0xb7, 0x6d, 0x6e, 0xd6, 0xed, 0xad, 0xda, 0xdd, 0xb5, 0xbb, 0x6b, 0x76, 0xb7,
  0x6d, 0x6e, 0xd6, 0xed, 0xad, 0xdb, 0x5d, 0xb5, 0xbb, 0x6b, 0x76, 0xb7, 0x6d, 0x6e, 0xd6, 0xed,
  0xad, 0xdb, 0x5d, 0xb5, 0xbb, 0x6b, 0x76, 0xb7, 0x6d, 0x6e, 0xd6, 0xed, 0xad, 0xdb, 0x5d, 0xb5,
  0xbb, 0x6b, 0x76, 0xb7, 0x6d, 0x6e, 0xda, 0xed, 0xad, 0xdb, 0x5d, 0xb5, 0xbb, 0x6b, 0x76, 0xb7,
  0x6d, 0x6e, 0xda, 0xed, 0xad, 0xdb, 0x5d, 0xb5, 0xbb, 0x6b, 0x76, 0xb7, 0x6d, 0x6e, 0xda, 0xed,
  0xad, 0xdb, 0x5b, 0xb5, 0xbb, 0x6b, 0x76, 0xb7, 0x6d, 0x6e, 0xda, 0xed, 0xad, 0xdb, 0x5b, 0xb5,
  0xbb, 0x6b, 0x76, 0xd7, 0x6d, 0x6e, 0xda, 0xed, 0xad, 0xdb, 0x5b, 0xb5, 0xbb, 0x6b, 0x76, 0xd7,
  0x6d, 0x6e, 0xda, 0xed, 0xad, 0xdb, 0x5b, 0xb5, 0xbb, 0x6b, 0x76, 0xd7, 0x6d, 0x6e, 0xda, 0xed,
  0xad, 0xdb, 0x5b, 0xb5, 0xbb, 0x6b, 0x76, 0xd7, 0x6d, 0x6e, 0xda, 0xed, 0xad, 0xdb, 0x5b, 0xb6,
  0xbb, 0x6b, 0x76, 0xd7, 0x6d, 0x6e, 0xda, 0xed, 0xad, 0xdb, 0x5b, 0xb6, 0xbb, 0x6b, 0x76, 0xd7,
  0x6d, 0x6e, 0xda, 0xed, 0xad, 0xdb, 0x5b, 0xb6, 0xbb, 0x6b, 0x76, 0xd7, 0x6d, 0x6e, 0xda, 0xdd,
  0xad, 0xdb, 0x5b, 0xb6, 0xbb, 0x6b, 0x76, 0xd7, 0x6d, 0x6e, 0xda, 0xdd, 0xb5, 0xdb, 0x5b, 0xb6,
  0xbb, 0x6b, 0x76, 0xd7, 0x6d, 0x6e, 0xda, 0xdd, 0xb5, 0xdb, 0x5b, 0xb6, 0xbb, 0x6b, 0x76, 0xd7,
  0x6d, 0x6e, 0xda, 0xdd, 0xb5, 0xdb, 0x5b, 0xb6, 0xbb, 0x6b, 0x76, 0xd7, 0x6d, 0xae, 0xda, 0xdd,
  0xb5, 0xdb, 0x5b, 0xb6, 0xbb, 0x6b, 0x76, 0xd7, 0x6d, 0xae, 0xda, 0xdd, 0xb5, 0xdb, 0x5b, 0xb6,
  0xbb, 0x6b, 0x76, 0xd7, 0x6d, 0xae, 0xda, 0xdd, 0xb5, 0xdb, 0x5b, 0xb6, 0xbb, 0x6b, 0x76, 0xd7,
  0x6d, 0xae, 0xda, 0xdd, 0xb5, 0xdb, 0x5b, 0xb6, 0xbb, 0x6d, 0x76, 0xd6, 0xed, 0xae, 0xda, 0xdd,
  0xb5, 0xdb, 0x5b, 0xb6, 0xbb, 0x6d, 0x76, 0xd6, 0xed, 0xae, 0xda, 0xdd, 0xb5, 0xdb, 0x5b, 0xb6,
  0xbb, 0x6d, 0x76, 0xd6, 0xed, 0xae, 0xda, 0xdd, 0xb5, 0xdb, 0x5b, 0xb6, 0xbb, 0x6d, 0x76, 0xd6,
  0xed, 0xae, 0xda, 0xdd, 0xb5, 0xdb, 0x6b, 0xb6, 0xbb, 0x6d, 0x76, 0xd6, 0xed, 0xae, 0xda, 0xdd,
  0xb5, 0xdb, 0x6b, 0xb6, 0xbb, 0x6d, 0x76, 0xd6, 0xed, 0xae, 0xda, 0xdd, 0xb5, 0xdb, 0x6b, 0xb6,
  0xbb, 0x6d, 0x76, 0xd6, 0xed, 0xae, 0xda, 0xdd, 0xb5, 0xdb, 0x6b, 0xb6, 0xbb, 0x6d, 0x76, 0xd6,
  0xed, 0xae, 0xdb, 0x5d, 0xb5, 0xdb, 0x6b, 0xb6, 0xb7, 0x6d, 0x76, 0xd6, 0xed, 0xae, 0xdb, 0x5d,
  0xb5, 0xdb, 0x6b, 0xb6, 0xb7, 0x6d, 0x76, 0xd6, 0xed, 0xae, 0xdb, 0x5d, 0xb5, 0xdb, 0x6b, 0xb6,
  0xb7, 0x6d, 0x76, 0xda, 0xed, 0xae, 0xdb, 0x5d, 0xb5, 0xdb, 0x6b, 0xb6, 0xb7, 0x6d, 0x76, 0xda,
  0xed, 0xae, 0xdb, 0x5d, 0xb5, 0xdb, 0x6b, 0xb6, 0xb7, 0x6d, 0x76, 0xda, 0xed, 0xae, 0xdb, 0x5d,
  0xb5, 0xdb, 0x6b, 0xb6, 0xb7, 0x6d, 0x76, 0xda, 0xed, 0xae, 0xdb, 0x5d, 0xb5, 0xdb, 0x6b, 0xb6,
  0xd7, 0x6d, 0x76, 0xda, 0xed, 0xae, 0xdb, 0x5d, 0xb5, 0xdb, 0x6b, 0xb6, 0xd7, 0x6d, 0x76, 0xda,
  0xed, 0xae, 0xdb, 0x5d, 0xb5, 0xbb, 0x6b, 0xb6, 0xd7, 0x6d, 0x76, 0xda, 0xed, 0xae, 0xdb, 0x5d,
  0xb5, 0xbb, 0x6b, 0xb6, 0xd7, 0x6d, 0x76, 0xda, 0xed, 0xae, 0xdb, 0x5d, 0xb6, 0xbb, 0x6b, 0xb6,
  0xd7, 0x6d, 0x76, 0xda, 0xed, 0xae, 0xdb, 0x5d, 0xb6, 0xbb, 0x6b, 0xb6, 0xd7, 0x6d, 0x76, 0xda,
  0xed, 0xae, 0xdb, 0x5d, 0xb6, 0xbb, 0x6b, 0xb6, 0xd7, 0x6d, 0x76, 0xda, 0xed, 0xae, 0xdb, 0x5d,
  0xb6, 0xbb, 0x6b, 0xb6, 0xd7, 0x6d, 0x76, 0xda, 0xed, 0xb6, 0xdb, 0x5d, 0xb6, 0xbb, 0x6b, 0xb6,
  0xd7, 0x6d, 0x76, 0xda, 0xed, 0xb5, 0xdb, 0x5d, 0xb6, 0xbb, 0x6b, 0xb6, 0xd7, 0x6d, 0x76, 0xda,
  0xed, 0xb5, 0xdb, 0x5d, 0xb6, 0xbb, 0x6b, 0xb6, 0xd7, 0x6d, 0xb6, 0xda, 0xed, 0xb5, 0xdb, 0x5d,
  0xb6, 0xbb, 0x6b, 0xb6, 0xd7, 0x6d, 0xb6, 0xda, 0xed, 0xb5, 0xdb, 0x5d, 0xb6, 0xbb, 0x6b, 0xb6,
  0xd7, 0x6d, 0xb6, 0xda, 0xed, 0xb5, 0xdb, 0x5d, 0xb6, 0xbb, 0x6b, 0xb6, 0xd7, 0x6d, 0xb6, 0xda,
  0xed, 0xb5, 0xdb, 0x5d, 0xb6, 0xbb, 0x6d, 0xb6, 0xd7, 0x6d, 0xb6, 0xda, 0xed, 0xb5, 0xdb, 0x5d,
  0xb6, 0xbb, 0x6d, 0xb6, 0xd7, 0x6d, 0xb6, 0xda, 0xed, 0xb5, 0xdb, 0x5d, 0xb6, 0xbb, 0x6d, 0xb6,
  0xd7, 0x6d, 0xae, 0xda, 0xed, 0xb5, 0xdb, 0x5d, 0xb6, 0xbb, 0x6d, 0xb6, 0xd7, 0x6d, 0xae, 0xda,
  0xed, 0xb5, 0xdb, 0x6d, 0xb6, 0xbb, 0x6d, 0xb6, 0xd7, 0x6d, 0xae, 0xda, 0xed, 0xb5, 0xdb, 0x6d,
  0xb6, 0xbb, 0x6d, 0xb6, 0xd7, 0x6d, 0xae, 0xda, 0xed, 0xb5, 0xdb, 0x6d, 0xb6, 0xbb, 0x6d, 0xb6,
  0xd7, 0x6d, 0xae, 0xda, 0xed, 0xb5, 0xdb, 0x6d, 0xb6, 0xbb, 0x6d, 0xb6, 0xd7, 0x6d, 0xae, 0xdb,
  0x6d, 0xb5, 0xdb, 0x6d, 0xb6, 0xbb, 0x6d, 0xb6, 0xd7, 0x6d, 0xae, 0xdb, 0x6d, 0xb5, 0xdb, 0x6d,
  0xb6, 0xbb, 0x6d, 0xb6, 0xd7, 0x6d, 0xae, 0xdb, 0x6d, 0xb5, 0xdb, 0x6d, 0xb6, 0xbb, 0x6d, 0x76,
  0xdb, 0x6d, 0xae, 0xdb, 0x6d, 0xb5, 0xdb, 0x6d, 0xb6, 0xbb, 0x6d, 0x76, 0xdb, 0x6d, 0xae, 0xdb,
  0x6d, 0xb5, 0xdb, 0x6d, 0xb6, 0xbb, 0x6d, 0x76, 0xdb, 0x6d, 0xae, 0xdb, 0x6d, 0xb5, 0xdb, 0x6d,
  0xb6, 0xbb, 0x6d, 0x76, 0xdb, 0x6d, 0xae, 0xdb, 0x6d, 0xb5, 0xdb, 0x6d, 0xb6, 0xdb, 0x6d, 0x76,
  0xdb, 0x6d, 0xae, 0xdb, 0x6d, 0xb5, 0xdb, 0x6d, 0xb6, 0xdb, 0x6d, 0x76, 0xdb, 0x6d, 0xae, 0xdb,
  0x6d, 0xb5, 0xdb, 0x6d, 0xb6, 0xdb, 0x6d, 0x76, 0xdb, 0x6d, 0xae, 0xdb, 0x6d, 0xb5, 0xdb, 0x6d,
  0xb6, 0xdb, 0x6d, 0x76, 0xdb, 0x6d, 0xae, 0xdb, 0x6d, 0xb6, 0xdb, 0x6b, 0xb6, 0xdb, 0x6d, 0x76,
  0xdb, 0x6d, 0xae, 0xdb, 0x6d, 0xb6, 0xdb, 0x6b, 0xb6, 0xdb, 0x6d, 0x76, 0xdb, 0x6d, 0xae, 0xdb,
  0x6d, 0xb6, 0xdb, 0x6b, 0xb6, 0xdb, 0x6d, 0x76, 0xdb, 0x6d, 0xae, 0xdb, 0x6d, 0xb6, 0xdb, 0x6b,
  0xb6, 0xdb, 0x6d, 0x76, 0xdb, 0x6d, 0xb6, 0xdb, 0x6d, 0xb6, 0xdb, 0x6b, 0xb6, 0xdb, 0x6d, 0x76,
  0xdb, 0x6d, 0xb6, 0xdb, 0x6d, 0xb6, 0xdb, 0x6b, 0xb6, 0xdb, 0x6d, 0x76, 0xdb, 0x6d, 0xb6, 0xdb,
  0x6d, 0xb6, 0xdb, 0x6b, 0xb6, 0xdb, 0x6d, 0xb6, 0xdb, 0x6d, 0xb6, 0xdb, 0x6d, 0xb6, 0xdb, 0x6b,
  0xb6, 0xdb, 0x6d, 0xb6, 0xdb, 0x6d, 0xb6, 0xdb, 0x5d, 0xb6, 0xdb, 0x6b, 0xb6, 0xdb, 0x6d, 0xb6,
  0xdb, 0x6d, 0xb6, 0xdb, 0x5d, 0xb6, 0xdb, 0x6b, 0xb6, 0xdb, 0x6d, 0xb6, 0xdb, 0x6d, 0xb6, 0xdb,
  0x5d, 0xb6, 0xdb, 0x6d, 0xb6, 0xdb, 0x6d, 0xb6, 0xdb, 0x6d, 0xb6, 0xdb, 0x5d, 0xb6, 0xdb, 0x6d,
  0xb6, 0xdb, 0x6d, 0xb6, 0xdb, 0x6d, 0xb6, 0xdb, 0x5d, 0xb6, 0xdb, 0x6d, 0xb6, 0xdb, 0x6d, 0xb6,
  0xdb, 0x6d, 0xb6, 0xdb, 0x5d, 0xb6, 0xdb, 0x6d, 0xb6, 0xdb, 0x6d, 0xb6, 0xdb, 0x6d, 0xb6, 0xdb,
  0x6d, 0xb6, 0xdb, 0x6d, 0xb6, 0xdb, 0x6d, 0xb6, 0xda, 0xed, 0xb6, 0xdb, 0x6d, 0xb6, 0xdb, 0x6d,
  0xb6, 0xdb, 0x6d, 0xb6, 0xda, 0xed, 0xb6, 0xdb, 0x6d, 0xb6, 0xdb, 0x6d, 0xb6, 0xdb, 0x6d, 0xb6,
  0xda, 0xed, 0xb6, 0xdb, 0x6d, 0xb6, 0xdb, 0x6d, 0xb6, 0xdb, 0x6d, 0xb6, 0xdb, 0x6d, 0xb6, 0xdb,
  0x6d, 0xb6, 0xdb, 0x6d, 0xb6, 0xdb, 0x6d, 0xb6, 0xdb, 0x6d, 0xb6, 0xdb, 0x6d, 0xb6, 0xdb, 0x6d,
  0xb6, 0xdb, 0x6d, 0xb6, 0xdb, 0x6d, 0xb6, 0xdb, 0x6d, 0xb6, 0xdb, 0x6d, 0xb6, 0xdd, 0x6d, 0xb6,
  0xdb, 0x6d, 0xb6, 0xdb, 0x6d, 0xb6, 0xdb, 0x6d, 0xb6, 0xdd, 0x6d, 0xb6, 0xdb, 0x6d, 0xb6, 0xdb,
  0x6d, 0xb6, 0xdb, 0x6d, 0xb6, 0xdb, 0x6d, 0xb6, 0xdb, 0x6d, 0xb6, 0xdb, 0x6d, 0xb6, 0xdb, 0x6d,
  0xb6, 0xdb, 0x6d, 0xb6, 0xdb, 0x6d, 0xb6, 0xdb, 0x6d, 0xb6, 0xeb, 0x6d, 0xb6, 0xdb, 0x6d, 0xb6,
  0xdb, 0x6d, 0xb6, 0xdb, 0x6d, 0xb6, 0xeb, 0x6d, 0xb6, 0xdb, 0x6d, 0xb6, 0xdb, 0x6d, 0xb6, 0xdb,
  0x6d, 0xb6, 0xeb, 0x6d, 0xb6, 0xdb, 0x6d, 0xb6, 0xdb, 0x6d, 0xb6, 0xdb, 0x6d, 0xb6, 0xeb, 0x6d,
  0xb6, 0xdb, 0x6d, 0xb6, 0xdb, 0x6d, 0xb7, 0x5b, 0x6d, 0xb6, 0xeb, 0x6d, 0xb6, 0xdb, 0x6d, 0xb6,
  0xdb, 0x6d, 0xb7, 0x5b, 0x6d, 0xb6, 0xeb, 0x6d, 0xb6, 0xdb, 0x6d, 0xb6, 0xdb, 0x6d, 0xb7, 0x5b,
  0x6d, 0xb6, 0xdb, 0x6d, 0xb6, 0xdb, 0x6d, 0xb6, 0xdb, 0x6d, 0xb7, 0x5b, 0x6d, 0xb6, 0xdb, 0x6d,
  0xb6, 0xdb, 0x6d, 0xba, 0xdb, 0x6d, 0xb7, 0x5b, 0x6d, 0xb6, 0xdb, 0x6d, 0xb6, 0xdb, 0x6d, 0xba,
  0xdb, 0x6d, 0xb7, 0x5b, 0x6d, 0xb6, 0xdb, 0x6d, 0xb6, 0xdb, 0x6d, 0xba, 0xdb, 0x6d, 0xb7, 0x5b,
  0x6d, 0xb6, 0xdb, 0x40, 0x08, 0x00, 0x80, 0x01, 0x00, 0x12, 0x00, 0x20, 0x02, 0x40, 0x04, 0x00,
  0x08, 0x00, 0x80, 0x01, 0x00, 0x12, 0x00, 0x20, 0x02, 0x40, 0x04, 0x00, 0x08, 0x00, 0x80, 0x01,
  0x00, 0x12, 0x00, 0x20, 0x02, 0x40, 0x04, 0x00, 0x08, 0x00, 0x80, 0x01, 0x00, 0x12, 0x00, 0x20,
  0x00, 0x40, 0x04, 0x00, 0x08, 0x00, 0x90, 0x01, 0x00, 0x12, 0x00, 0x20, 0x00, 0x40, 0x04, 0x00,
  0x08, 0x00, 0x90, 0x01, 0x00, 0x12, 0x00, 0x20, 0x00, 0x40, 0x04, 0x00, 0x08, 0x00, 0x90, 0x01,
  0x00, 0x12, 0x00, 0x20, 0x00, 0x40, 0x04, 0x00, 0x08, 0x00, 0x90, 0x01, 0x00, 0x02, 0x00, 0x20,
  0x00, 0x40, 0x04, 0x00, 0x08, 0x00, 0x90, 0x01, 0x00, 0x02, 0x00, 0x20, 0x00, 0x40, 0x04, 0x00,
  0x08, 0x00, 0x90, 0x01, 0x00, 0x02, 0x00, 0x20, 0x00, 0x40, 0x04, 0x00, 0x08, 0x00, 0x90, 0x01,
  0x00, 0x02, 0x00, 0x20, 0x00, 0x40, 0x04, 0x80, 0x08, 0x00, 0x10, 0x01, 0x00, 0x02, 0x00, 0x20,
  0x00, 0x40, 0x04, 0x80, 0x08, 0x00, 0x10, 0x01, 0x00, 0x02, 0x00, 0x20, 0x00, 0x40, 0x04, 0x80,
  0x08, 0x00, 0x10, 0x01, 0x00, 0x02, 0x00, 0x20, 0x00, 0x40, 0x00, 0x80, 0x08, 0x00, 0x10, 0x01,
  0x00, 0x02, 0x00, 0x20, 0x00, 0x40, 0x00, 0x80, 0x08, 0x00, 0x10, 0x01, 0x00, 0x02, 0x00, 0x20,
  0x00, 0x40, 0x00, 0x80, 0x08, 0x00, 0x10, 0x01, 0x00, 0x02, 0x00, 0x20, 0x00, 0x40, 0x00, 0x80,
  0x08, 0x00, 0x10, 0x01, 0x00, 0x02, 0x00, 0x04, 0x00, 0x40, 0x00, 0x80, 0x08, 0x00, 0x10, 0x01,
  0x00, 0x02, 0x00, 0x04, 0x00, 0x40, 0x00, 0x80, 0x08, 0x00, 0x10, 0x01, 0x00, 0x02, 0x00, 0x04,
  0x00, 0x40, 0x00, 0x80, 0x08, 0x00, 0x10, 0x01, 0x00, 0x02, 0x00, 0x04, 0x00, 0x40, 0x00, 0x80,
  0x08, 0x00, 0x10, 0x00, 0x00, 0x02, 0x00, 0x04, 0x00, 0x40, 0x00, 0x80, 0x08, 0x00, 0x10, 0x00,
  0x00, 0x02, 0x00, 0x04, 0x00, 0x40, 0x00, 0x80, 0x08, 0x00, 0x10, 0x00, 0x00, 0x02, 0x00, 0x04,
  0x00, 0x40, 0x00, 0x80, 0x08, 0x00, 0x10, 0x00, 0x00, 0x02, 0x00, 0x04, 0x00, 0x40, 0x00, 0x80,
  0x00, 0x00, 0x10, 0x00, 0x20, 0x02, 0x00, 0x04, 0x00, 0x40, 0x00, 0x80, 0x00, 0x00, 0x10, 0x00,
  0x20, 0x02, 0x00, 0x04, 0x00, 0x40, 0x00, 0x80, 0x00, 0x00, 0x10, 0x00, 0x20, 0x02, 0x00, 0x04,
  0x00, 0x00, 0x00, 0x80, 0x00, 0x00, 0x10, 0x00, 0x20, 0x02, 0x00, 0x04, 0x00, 0x00, 0x00, 0x80,
  0x00, 0x00, 0x10, 0x00, 0x20, 0x02, 0x00, 0x04, 0x00, 0x00, 0x00, 0x80, 0x00, 0x00, 0x10, 0x00,
  0x20, 0x02, 0x00, 0x04, 0x00, 0x00, 0x00, 0x80, 0x00, 0x00, 0x10, 0x00, 0x20, 0x00, 0x00, 0x04,
  0x00, 0x00, 0x00, 0x80, 0x01, 0x00, 0x10, 0x00, 0x20, 0x00, 0x00, 0x04, 0x00, 0x00, 0x00, 0x80,
  0x01, 0x00, 0x10, 0x00, 0x20, 0x00, 0x00, 0x04, 0x00, 0x00, 0x00, 0x80, 0x01, 0x00, 0x10, 0x00,
  0x20, 0x00, 0x00, 0x04, 0x00, 0x00, 0x00, 0x80, 0x01, 0x00, 0x00, 0x00, 0x20, 0x00, 0x00, 0x04,
  0x00, 0x00, 0x00, 0x80, 0x01, 0x00, 0x00, 0x00, 0x20, 0x00, 0x00, 0x04, 0x00, 0x00, 0x00, 0x80,
  0x01, 0x00, 0x00, 0x00, 0x20, 0x00, 0x00, 0x04, 0x00, 0x00, 0x00, 0x00, 0x01, 0x00, 0x00, 0x00,
  0x20, 0x00, 0x00, 0x04, 0x00, 0x00, 0x00, 0x00, 0x01, 0x00, 0x00, 0x00, 0x20, 0x00, 0x00, 0x04,
  0x00, 0x08, 0x00, 0x00, 0x01, 0x00, 0x00, 0x00, 0x20, 0x00, 0x00, 0x04, 0x00, 0x08, 0x00, 0x00,
  0x01, 0x00, 0x00, 0x00, 0x20, 0x00, 0x00, 0x00, 0x00, 0x08, 0x00, 0x00, 0x01, 0x00, 0x00, 0x00,
  0x20, 0x00, 0x00, 0x00, 0x00, 0x08, 0x00, 0x00, 0x01, 0x00, 0x00, 0x00, 0x20, 0x00, 0x00, 0x00,
  0x00, 0x08, 0x00, 0x00, 0x01, 0x00, 0x00, 0x00, 0x20, 0x00, 0x00, 0x00, 0x00, 0x08, 0x00, 0x00,
  0x01, 0x00, 0x00, 0x00, 0x00, 0x00, 0x00, 0x00, 0x00, 0x08, 0x00, 0x00, 0x01, 0x00, 0x00, 0x00,
  0x00, 0x00, 0x40, 0x00, 0x00, 0x08, 0x00, 0x00, 0x01, 0x00, 0x00, 0x00, 0x00, 0x00, 0x40, 0x00,
  0x00, 0x08, 0x00, 0x00, 0x01, 0x00, 0x00, 0x00, 0x00, 0x00, 0x40, 0x00, 0x00, 0x20, 0x00, 0x40,
  0x04, 0x80, 0x08, 0x00, 0x10, 0x01, 0x00, 0x02, 0x00, 0x20, 0x00, 0x40, 0x04, 0x80, 0x08, 0x00,
  0x10, 0x01, 0x00, 0x02, 0x00, 0x20, 0x00, 0x40, 0x04, 0x80, 0x08, 0x00, 0x10, 0x01, 0x00, 0x02,
  0x00, 0x24, 0x00, 0x40, 0x04, 0x80, 0x08, 0x00, 0x10, 0x01, 0x00, 0x02, 0x00, 0x24, 0x00, 0x40,
  0x00, 0x80, 0x08, 0x00, 0x10, 0x01, 0x00, 0x02, 0x00, 0x24, 0x00, 0x40, 0x00, 0x80, 0x08, 0x00,
  0x10, 0x01, 0x00, 0x02, 0x00, 0x24, 0x00, 0x40, 0x00, 0x80, 0x08, 0x00, 0x10, 0x01, 0x20, 0x02,
  0x00, 0x04, 0x00, 0x40, 0x00, 0x80, 0x08, 0x00, 0x10, 0x01, 0x20, 0x02, 0x00, 0x04, 0x00, 0x40,
  0x00, 0x80, 0x08, 0x00, 0x10, 0x01, 0x20, 0x02, 0x00, 0x04, 0x00, 0x40, 0x00, 0x80, 0x08, 0x00,
  0x10, 0x01, 0x20, 0x02, 0x00, 0x04, 0x00, 0x40, 0x00, 0x80, 0x09, 0x00, 0x10, 0x00, 0x20, 0x02,
  0x00, 0x04, 0x00, 0x40, 0x00, 0x80, 0x09, 0x00, 0x10, 0x00, 0x20, 0x02, 0x00, 0x04, 0x00, 0x40,
  0x00, 0x80, 0x09, 0x00, 0x10, 0x00, 0x20, 0x02, 0x00, 0x04, 0x00, 0x40, 0x00, 0x80, 0x01, 0x00,
  0x10, 0x00, 0x20, 0x02, 0x00, 0x04, 0x00, 0x48, 0x00, 0x80, 0x01, 0x00, 0x10, 0x00, 0x20, 0x02,
  0x00, 0x04, 0x00, 0x48, 0x00, 0x80, 0x01, 0x00, 0x10, 0x00, 0x20, 0x02, 0x00, 0x04, 0x00, 0x48,
  0x00, 0x80, 0x01, 0x00, 0x10, 0x00, 0x20, 0x02, 0x40, 0x04, 0x00, 0x08, 0x00, 0x80, 0x01, 0x00,
  0x10, 0x00, 0x20, 0x02, 0x40, 0x04, 0x00, 0x08, 0x00, 0x80, 0x01, 0x00, 0x10, 0x00, 0x20, 0x02,
  0x40, 0x04, 0x00, 0x08, 0x00, 0x80, 0x01, 0x00, 0x10, 0x00, 0x20, 0x00, 0x40, 0x04, 0x00, 0x08,
  0x00, 0x80, 0x01, 0x00, 0x12, 0x00, 0x20, 0x00, 0x40, 0x04, 0x00, 0x08, 0x00, 0x80, 0x01, 0x00,
  0x12, 0x00, 0x20, 0x00, 0x40, 0x04, 0x00, 0x08, 0x00, 0x80, 0x01, 0x00, 0x12, 0x00, 0x20, 0x00,
  0x40, 0x04, 0x00, 0x08, 0x00, 0x80, 0x01, 0x00, 0x02, 0x00, 0x20, 0x00, 0x40, 0x04, 0x00, 0x08,
  0x00, 0x90, 0x01, 0x00, 0x02, 0x00, 0x20, 0x00, 0x40, 0x04, 0x00, 0x08, 0x00, 0x90, 0x01, 0x00,
  0x02, 0x00, 0x20, 0x00, 0x40, 0x04, 0x00, 0x08, 0x00, 0x10, 0x01, 0x00, 0x02, 0x00, 0x20, 0x00,
  0x40, 0x04, 0x00, 0x08, 0x00, 0x10, 0x01, 0x00, 0x02, 0x00, 0x20, 0x00, 0x40, 0x04, 0x80, 0x08,
  0x00, 0x10, 0x01, 0x00, 0x02, 0x00, 0x20, 0x00, 0x40, 0x04, 0x80, 0x08, 0x00, 0x10, 0x01, 0x00,
  0x02, 0x00, 0x20, 0x00, 0x40, 0x00, 0x80, 0x08, 0x00, 0x10, 0x01, 0x00, 0x02, 0x00, 0x24, 0x00,
  0x40, 0x00, 0x80, 0x08, 0x00, 0x10, 0x01, 0x00, 0x02, 0x00, 0x24, 0x00, 0x40, 0x00, 0x80, 0x08,
  0x00, 0x10, 0x01, 0x00, 0x02, 0x00, 0x04, 0x00, 0x40, 0x00, 0x80, 0x08, 0x00, 0x10, 0x01, 0x00,
  0x02, 0x00, 0x04, 0x00, 0x40, 0x00, 0x80, 0x08, 0x00, 0x10, 0x01, 0x20, 0x02, 0x00, 0x04, 0x00,
  0x40, 0x00, 0x80, 0x08, 0x00, 0x10, 0x01, 0x20, 0x02, 0x00, 0x04, 0x00, 0x40, 0x00, 0x80, 0x08,
  0x00, 0x10, 0x00, 0x20, 0x02, 0x00, 0x04, 0x00, 0x40, 0x00, 0x80, 0x08, 0x00, 0x10, 0x00, 0x20,
  0x02, 0x00, 0x04, 0x00, 0x40, 0x00, 0x80, 0x09, 0x00, 0x10, 0x00, 0x20, 0x02, 0x00, 0x04, 0x00,
  0x40, 0x00, 0x80, 0x09, 0x00, 0x10, 0x00, 0x20, 0x02, 0x00, 0x04, 0x00, 0x40, 0x00, 0x80, 0x01,
  0x00, 0x10, 0x00, 0x20, 0x02, 0x00, 0x04, 0x00, 0x40, 0x00, 0x80, 0x01, 0x00, 0x10, 0x00, 0x20,
  0x02, 0x00, 0x04, 0x00, 0x48, 0x00, 0x80, 0x01, 0x00, 0x10, 0x00, 0x20, 0x02, 0x00, 0x04, 0x00,
  0x08, 0x00, 0x80, 0x01, 0x00, 0x10, 0x00, 0x20, 0x02, 0x00, 0x04, 0x00, 0x08, 0x00, 0x80, 0x01,
  0x00, 0x10, 0x00, 0x20, 0x02, 0x40, 0x04, 0x00, 0x08, 0x00, 0x80, 0x01, 0x00, 0x10, 0x00, 0x20,
  0x02, 0x40, 0x04, 0x00, 0x08, 0x00, 0x80, 0x01, 0x00, 0x10, 0x00, 0x20, 0x00, 0x40, 0x04, 0x00,
  0x08, 0x00, 0x80, 0x01, 0x00, 0x10, 0x00, 0x20, 0x00, 0x40, 0x04, 0x00, 0x08, 0x00, 0x80, 0x01,
  0x00, 0x12, 0x00, 0x20, 0x00, 0x40, 0x04, 0x00, 0x08, 0x00, 0x80, 0x01, 0x00, 0x02, 0x00, 0x20,
  0x00, 0x40, 0x04, 0x00, 0x08, 0x00, 0x80, 0x01, 0x00, 0x02, 0x00, 0x20, 0x00, 0x40, 0x04, 0x00,
  0x08, 0x00, 0x80, 0x01, 0x00, 0x02, 0x00, 0x20, 0x00, 0x40, 0x04, 0x00, 0x08, 0x00, 0x90, 0x01,
  0x00, 0x02, 0x00, 0x20, 0x00, 0x40, 0x04, 0x00, 0x08, 0x00, 0x10, 0x01, 0x00, 0x02, 0x00, 0x20,
  0x00, 0x40, 0x04, 0x00, 0x08, 0x00, 0x10, 0x01, 0x00, 0x02, 0x00, 0x20, 0x00, 0x40, 0x04, 0x00,
  0x08, 0x00, 0x10, 0x01, 0x00, 0x02, 0x00, 0x20, 0x00, 0x40, 0x00, 0x80, 0x08, 0x00, 0x10, 0x01,
  0x00, 0x02, 0x00, 0x20, 0x00, 0x40, 0x00, 0x80, 0x08, 0x00, 0x10, 0x01, 0x00, 0x02, 0x00, 0x20,
  0x00, 0x40, 0x00, 0x80, 0x08, 0x00, 0x10, 0x01, 0x00, 0x02, 0x00, 0x24, 0x00, 0x40, 0x00, 0x80,
  0x08, 0x00, 0x10, 0x01, 0x00, 0x02, 0x00, 0x04, 0x00, 0x40, 0x00, 0x80, 0x0a, 0x40, 0x04, 0x80,
  0x48, 0x00, 0x90, 0x01, 0x00, 0x12, 0x00, 0x24, 0x02, 0x40, 0x04, 0x80, 0x48, 0x00, 0x90, 0x01,
  0x20, 0x12, 0x00, 0x24, 0x02, 0x40, 0x04, 0x80, 0x08, 0x00, 0x90, 0x01, 0x20, 0x12, 0x00, 0x24,
  0x02, 0x40, 0x04, 0x80, 0x08, 0x00, 0x90, 0x01, 0x20, 0x12, 0x00, 0x24, 0x02, 0x40, 0x04, 0x80,
  0x08, 0x00, 0x90, 0x01, 0x20, 0x12, 0x00, 0x24, 0x02, 0x40, 0x04, 0x89, 0x20, 0x12, 0x00, 0x24,
  0x02, 0x40, 0x04, 0x80, 0x49, 0x00, 0x90, 0x09, 0x20, 0x12, 0x00, 0x24, 0x02, 0x40, 0x04, 0x80,
  0x49, 0x00, 0x90, 0x09, 0x20, 0x12, 0x00, 0x24, 0x02, 0x40, 0x04, 0x80, 0x49, 0x00, 0x90, 0x01,
  0x20, 0x12, 0x00, 0x24, 0x02, 0x40, 0x04, 0x80, 0x49, 0x00, 0x90, 0x01, 0x20, 0x12, 0x00, 0x24,
  0x02, 0x48, 0x04, 0x80, 0x49, 0x00, 0x90, 0x01, 0x20, 0x12, 0x00, 0x24, 0x02, 0x48, 0x04, 0x80,
  0x49, 0x00, 0x90, 0x01, 0x20, 0x12, 0x00, 0x24, 0x02, 0x48, 0x04, 0x80, 0x09, 0x00, 0x90, 0x01,
  0x20, 0x12, 0x40, 0x24, 0x02, 0x48, 0x04, 0x80, 0x09, 0x00, 0x90, 0x01, 0x20, 0x12, 0x40, 0x24,
  0x02, 0x48, 0x04, 0x80, 0x09, 0x00, 0x90, 0x01, 0x20, 0x12, 0x40, 0x24, 0x02, 0x48, 0x04, 0x80,
  0x09, 0x00, 0x90, 0x01, 0x20, 0x12, 0x40, 0x24, 0x00, 0x48, 0x04, 0x80, 0x09, 0x00, 0x92, 0x01,
  0x20, 0x12, 0x40, 0x24, 0x00, 0x48, 0x04, 0x80, 0x09, 0x00, 0x92, 0x01, 0x20, 0x12, 0x40, 0x24,
  0x00, 0x48, 0x04, 0x80, 0x09, 0x00, 0x92, 0x01, 0x20, 0x02, 0x40, 0x24, 0x00, 0x48, 0x04, 0x80,
  0x09, 0x00, 0x92, 0x01, 0x20, 0x02, 0x40, 0x24, 0x00, 0x48, 0x04, 0x90, 0x09, 0x00, 0x92, 0x01,
  0x20, 0x02, 0x40, 0x24, 0x00, 0x48, 0x04, 0x90, 0x09, 0x00, 0x92, 0x01, 0x20, 0x02, 0x40, 0x24,
  0x00, 0x48, 0x00, 0x90, 0x09, 0x00, 0x12, 0x01, 0x20, 0x02, 0x40, 0x04, 0x00, 0x48, 0x00, 0x90,
  0x09, 0x00, 0x12, 0x01, 0x20, 0x02, 0x40, 0x04, 0x80, 0x48, 0x00, 0x90, 0x09, 0x00, 0x12, 0x00,
  0x20, 0x02, 0x40, 0x04, 0x80, 0x48, 0x00, 0x90, 0x09, 0x00, 0x12, 0x00, 0x20, 0x02, 0x40, 0x04,
  0x80, 0x48, 0x00, 0x90, 0x09, 0x00, 0x12, 0x00, 0x24, 0x02, 0x40, 0x04, 0x80, 0x48, 0x00, 0x90,
  0x09, 0x00, 0x12, 0x00, 0x24, 0x02, 0x40, 0x04, 0x80, 0x48, 0x00, 0x90, 0x09, 0x00, 0x12, 0x00,
  0x24, 0x02, 0x40, 0x04, 0x80, 0x48, 0x00, 0x90, 0x01, 0x00, 0x12, 0x00, 0x24, 0x02, 0x40, 0x04,
  0x80, 0x48, 0x00, 0x90, 0x01, 0x20, 0x12, 0x00, 0x24, 0x02, 0x40, 0x04, 0x80, 0x48, 0x00, 0x90,
  0x01, 0x20, 0x12, 0x00, 0x24, 0x02, 0x40, 0x04, 0x80, 0x48, 0x00, 0x90, 0x01, 0x20, 0x12, 0x00,
  0x24, 0x02, 0x40, 0x04, 0x80, 0x48, 0x00, 0x90, 0x01, 0x20, 0x12, 0x00, 0x24, 0x02, 0x40, 0x04,
  0x80, 0x09, 0x00, 0x90, 0x01, 0x20, 0x12, 0x00, 0x24, 0x02, 0x40, 0x04, 0x80, 0x09, 0x00, 0x90,
  0x01, 0x20, 0x12, 0x00, 0x24, 0x02, 0x40, 0x04, 0x80, 0x09, 0x00, 0x90, 0x01, 0x20, 0x12, 0x00,
  0x24, 0x02, 0x40, 0x04, 0x80, 0x09, 0x00, 0x90, 0x01, 0x20, 0x12, 0x00, 0x24, 0x00, 0x48, 0x04,
  0x80, 0x09, 0x00, 0x90, 0x01, 0x20, 0x12, 0x00, 0x24, 0x00, 0x48, 0x04, 0x80, 0x09, 0x00, 0x90,
  0x01, 0x20, 0x12, 0x00, 0x24, 0x00, 0x48, 0x04, 0x80, 0x09, 0x00, 0x90, 0x01, 0x20, 0x12, 0x40,
  0x24, 0x00, 0x48, 0x04, 0x80, 0x09, 0x00, 0x90, 0x01, 0x20, 0x12, 0x40, 0x24, 0x00, 0x48, 0x04,
  0x80, 0x09, 0x00, 0x90, 0x01, 0x20, 0x02, 0x40, 0x24, 0x00, 0x48, 0x04, 0x80, 0x09, 0x00, 0x90,
  0x01, 0x20, 0x02, 0x40, 0x24, 0x00, 0x48, 0x04, 0x80, 0x09, 0x00, 0x92, 0x01, 0x20, 0x02, 0x40,
  0x24, 0x00, 0x48, 0x04, 0x80, 0x09, 0x00, 0x92, 0x01, 0x20, 0x02, 0x40, 0x24, 0x00, 0x48, 0x04,
  0x80, 0x09, 0x00, 0x12, 0x01, 0x20, 0x02, 0x40, 0x24, 0x00, 0x48, 0x04, 0x80, 0x09, 0x00, 0x12,
  0x01, 0x20, 0x02, 0x40, 0x24, 0x00, 0x48, 0x04, 0x90, 0x09, 0x00, 0x12, 0x01, 0x20, 0x02, 0x40,
  0x24, 0x00, 0x48, 0x04, 0x90, 0x09, 0x00, 0x12, 0x01, 0x20, 0x02, 0x40, 0x24, 0x00, 0x48, 0x04,
  0x90, 0x09, 0x00, 0x12, 0x01, 0x20, 0x02, 0x40, 0x24, 0x00, 0x48, 0x00, 0x90, 0x09, 0x00, 0x12,
  0x01, 0x20, 0x02, 0x40, 0x24, 0x80, 0x48, 0x00, 0x90, 0x09, 0x00, 0x12, 0x01, 0x20, 0x02, 0x40,
  0x24, 0x80, 0x48, 0x00, 0x90, 0x09, 0x00, 0x12, 0x01, 0x20, 0x02, 0x40, 0x24, 0x80, 0x48, 0x00,
  0x90, 0x09, 0x00, 0x12, 0x01, 0x24, 0x02, 0x40, 0x24, 0x80, 0x48, 0x00, 0x90, 0x09, 0x00, 0x12,
  0x01, 0x24, 0x02, 0x40, 0x04, 0x80, 0x48, 0x00, 0x90, 0x09, 0x00, 0x12, 0x01, 0x24, 0x02, 0x40,
  0x04, 0x80, 0x48, 0x00, 0x90, 0x09, 0x00, 0x12, 0x00, 0x00, 0x00, 0x00, 0x00, 0x00, 0x00, 0x00,
  0x00, 0x00, 0x20, 0x00, 0x00, 0x00, 0x00, 0x00, 0x00, 0x00, 0x00, 0x00, 0x00, 0x00, 0x00, 0x00,
  0x00, 0x00, 0x00, 0x00, 0x00, 0x00, 0x00, 0x00, 0x00, 0x00, 0x00, 0x00, 0x00, 0x00, 0x00, 0x00,
  0x00, 0x00, 0x00, 0x00, 0x00, 0x00, 0x00, 0x00, 0x00, 0x00, 0x00, 0x00, 0x00, 0x00, 0x01, 0x00,
  0x00, 0x00, 0x00, 0x00, 0x00, 0x00, 0x00, 0x00, 0x00, 0x00, 0x01, 0x00, 0x00, 0x00, 0x00, 0x00,
  0x00, 0x00, 0x00, 0x00, 0x00, 0x00, 0x00, 0x00, 0x00, 0x00, 0x00, 0x00, 0x00, 0x00, 0x00, 0x00,
  0x00, 0x00, 0x00, 0x00, 0x00, 0x00, 0x00, 0x00, 0x00, 0x00, 0x00, 0x08, 0x00, 0x00, 0x00, 0x00,
  0x00, 0x00, 0x00, 0x00, 0x00, 0x00, 0x00, 0x08, 0x00, 0x00, 0x00, 0x00, 0x00, 0x00, 0x00, 0x00,
  0x00, 0x00, 0x00, 0x08, 0x00, 0x00, 0x00, 0x00, 0x00, 0x00, 0x00, 0x00, 0x40, 0x00, 0x00, 0x00,
  0x00, 0x00, 0x00, 0x00, 0x00, 0x00, 0x00, 0x00, 0x40, 0x00, 0x00, 0x00, 0x00, 0x00, 0x00, 0x00,
  0x00, 0x00, 0x00, 0x00, 0x40, 0x00, 0x00, 0x00, 0x00, 0x00, 0x00, 0x00, 0x00, 0x00, 0x00, 0x00,
  0x40, 0x00, 0x00, 0x00, 0x00, 0x00, 0x00, 0x00, 0x02, 0x00, 0x00, 0x00, 0x40, 0x00, 0x00, 0x00,
  0x00, 0x00, 0x00, 0x00, 0x02, 0x00, 0x00, 0x00, 0x00, 0x00, 0x00, 0x00, 0x00, 0x00, 0x00, 0x00,
  0x02, 0x00, 0x00, 0x00, 0x00, 0x00, 0x00, 0x00, 0x00, 0x00, 0x00, 0x00, 0x02, 0x00, 0x00, 0x00,
  0x00, 0x00, 0x00, 0x00, 0x00, 0x10, 0x00, 0x00, 0x02, 0x00, 0x00, 0x00, 0x00, 0x00, 0x00, 0x00,
  0x00, 0x10, 0x00, 0x00, 0x00, 0x00, 0x00, 0x00, 0x00, 0x00, 0x00, 0x00, 0x00, 0x10, 0x00, 0x00,
  0x00, 0x00, 0x00, 0x00, 0x00, 0x00, 0x00, 0x00, 0x00, 0x10, 0x00, 0x00, 0x00, 0x00, 0x00, 0x00,
  0x00, 0x00, 0x80, 0x00, 0x00, 0x10, 0x00, 0x00, 0x00, 0x00, 0x00, 0x00, 0x00, 0x00, 0x80, 0x00,
  0x00, 0x10, 0x00, 0x00, 0x00, 0x00, 0x00, 0x00, 0x00, 0x00, 0x80, 0x00, 0x00, 0x00, 0x00, 0x00,
  0x00, 0x00, 0x04, 0x00, 0x00, 0x00, 0x80, 0x00, 0x00, 0x00, 0x00, 0x00, 0x00, 0x00, 0x04, 0x00,
  0x00, 0x00, 0x80, 0x00, 0x00, 0x00, 0x00, 0x00, 0x00, 0x00, 0x04, 0x00, 0x00, 0x00, 0x80, 0x00,
  0x00, 0x00, 0x00, 0x00, 0x00, 0x00, 0x04, 0x00, 0x00, 0x00, 0x80, 0x00, 0x00, 0x00, 0x00, 0x20,
  0x00, 0x00, 0x04, 0x00, 0x00, 0x00, 0x00, 0x00, 0x00, 0x00, 0x00, 0x20, 0x00, 0x00, 0x04, 0x00,
  0x00, 0x00, 0x00, 0x00, 0x00, 0x00, 0x00, 0x20, 0x00, 0x00, 0x04, 0x00, 0x00, 0x00, 0x00, 0x00,
  0x00, 0x00, 0x00, 0x20, 0x00, 0x00, 0x04, 0x00, 0x00, 0x00, 0x00, 0x01, 0x00, 0x00, 0x00, 0x20,
  0x00, 0x00, 0x04, 0x00, 0x00, 0x00, 0x00, 0x01, 0x00, 0x00, 0x00, 0x20, 0x00, 0x00, 0x00, 0x00,
  0x00, 0x00, 0x00, 0x01, 0x00, 0x00, 0x00, 0x20, 0x00, 0x00, 0x00, 0x00, 0x08, 0x00, 0x00, 0x01,
  0x00, 0x00, 0x00, 0x20, 0x00, 0x00, 0x00, 0x00, 0x08, 0x00, 0x00, 0x01, 0x00, 0x00, 0x00, 0x20,
  0x00, 0x00, 0x00, 0x00, 0x08, 0x00, 0x00, 0x01, 0x00, 0x00, 0x00, 0x20, 0x00, 0x00, 0x00, 0x00,
  0x08, 0x00, 0x00, 0x01, 0x00, 0x00, 0x00, 0x00, 0x00, 0x40, 0x00, 0x00, 0x08, 0x00, 0x00, 0x01,
  0x00, 0x00, 0x00, 0x00, 0x00, 0x40, 0x00, 0x00, 0x08, 0x00, 0x00, 0x01, 0x00, 0x00, 0x00, 0x00,
  0x00, 0x40, 0x00, 0x00, 0x08, 0x00, 0x00, 0x01, 0x00, 0x00, 0x00, 0x00, 0x00, 0x40, 0x00, 0x00,
  0x08, 0x00, 0x00, 0x00, 0x00, 0x02, 0x00, 0x00, 0x00, 0x40, 0x00, 0x00, 0x08, 0x00, 0x00, 0x00,
  0x00, 0x02, 0x00, 0x00, 0x00, 0x40, 0x00, 0x00, 0x08, 0x00, 0x00, 0x00, 0x00, 0x02, 0x00, 0x00,
  0x00, 0x40, 0x00, 0x00, 0x08, 0x00, 0x00, 0x00, 0x00, 0x02, 0x00, 0x00, 0x00, 0x40, 0x00, 0x00,
  0x08, 0x00, 0x10, 0x00, 0x00, 0x02, 0x00, 0x00, 0x00, 0x40, 0x00, 0x00, 0x00, 0x00, 0x10, 0x00,
  0x00, 0x00, 0x00, 0x00, 0x00, 0x00, 0x01, 0x00, 0x00, 0x00, 0x00, 0x00, 0x00, 0x00, 0x00, 0x00,
  0x00, 0x00, 0x00, 0x00, 0x00, 0x00, 0x00, 0x00, 0x00, 0x00, 0x00, 0x00, 0x00, 0x00, 0x00, 0x00,
  0x00, 0x00, 0x00, 0x00, 0x00, 0x00, 0x00, 0x00, 0x00, 0x00, 0x00, 0x00, 0x00, 0x00, 0x00, 0x00,
  0x00, 0x00, 0x00, 0x08, 0x00, 0x00, 0x00, 0x00, 0x00, 0x00, 0x00, 0x00, 0x00, 0x00, 0x00, 0x00,
  0x00, 0x00, 0x00, 0x00, 0x00, 0x00, 0x00, 0x00, 0x00, 0x00, 0x00, 0x00, 0x00, 0x00, 0x00, 0x00,
  0x00, 0x00, 0x00, 0x00, 0x00, 0x00, 0x00, 0x00, 0x00, 0x00, 0x00, 0x00, 0x00, 0x00, 0x00, 0x00,
  0x40, 0x00, 0x00, 0x00, 0x00, 0x00, 0x00, 0x00, 0x00, 0x00, 0x00, 0x00, 0x00, 0x00, 0x00, 0x00,
  0x00, 0x00, 0x00, 0x00, 0x00, 0x00, 0x00, 0x00, 0x00, 0x00, 0x00, 0x00, 0x00, 0x00, 0x00, 0x00,
  0x00, 0x00, 0x00, 0x00, 0x00, 0x00, 0x00, 0x00, 0x00, 0x00, 0x00, 0x00, 0x00, 0x00, 0x00, 0x00,
  0x00, 0x00, 0x00, 0x00, 0x00, 0x00, 0x00, 0x00, 0x00, 0x00, 0x00, 0x00, 0x00, 0x00, 0x00, 0x00,
  0x00, 0x00, 0x00, 0x00, 0x00, 0x00, 0x00, 0x00, 0x00, 0x00, 0x00, 0x00, 0x00, 0x00, 0x00, 0x00,
  0x00, 0x00, 0x00, 0x00, 0x00, 0x00, 0x00, 0x00, 0x00, 0x08, 0x00, 0x00, 0x00, 0x00, 0x00, 0x00,
  0x00, 0x00, 0x00, 0x00, 0x00, 0x00, 0x00, 0x00, 0x00, 0x00, 0x00, 0x00, 0x00, 0x00, 0x00, 0x00,
  0x00, 0x00, 0x00, 0x00, 0x00, 0x00, 0x00, 0x00, 0x00, 0x00, 0x00, 0x00, 0x00, 0x00, 0x00, 0x00,
  0x00, 0x00, 0x00, 0x00, 0x00, 0x00, 0x40, 0x00, 0x00, 0x00, 0x00, 0x00, 0x00, 0x00, 0x00, 0x00,
  0x00, 0x00, 0x40, 0x00, 0x00, 0x00, 0x00, 0x00, 0x00, 0x00, 0x00, 0x00, 0x00, 0x00, 0x00, 0x00,
  0x00, 0x00, 0x00, 0x00, 0x00, 0x00, 0x00, 0x00, 0x00, 0x00, 0x00, 0x00, 0x00, 0x00, 0x00, 0x00,
  0x00, 0x00, 0x02, 0x00, 0x00, 0x00, 0x00, 0x00, 0x00, 0x00, 0x00, 0x00, 0x00, 0x00, 0x02, 0x00,
  0x00, 0x00, 0x00, 0x00, 0x00, 0x00, 0x00, 0x00, 0x00, 0x00, 0x00, 0x00, 0x00, 0x00, 0x00, 0x00,
  0x00, 0x08, 0x00, 0x00, 0x01, 0x00, 0x02, 0x00, 0x20, 0x00, 0x40, 0x00, 0x00, 0x08, 0x00, 0x10,
  0x01, 0x00, 0x02, 0x00, 0x00, 0x00, 0x40, 0x00, 0x00, 0x08, 0x00, 0x10, 0x01, 0x00, 0x02, 0x00,
  0x00, 0x00, 0x40, 0x00, 0x00, 0x08, 0x00, 0x10, 0x01, 0x00, 0x02, 0x00, 0x00, 0x00, 0x40, 0x00,
  0x80, 0x08, 0x00, 0x10, 0x01, 0x00, 0x02, 0x00, 0x00, 0x00, 0x40, 0x00, 0x80, 0x08, 0x00, 0x10,
  0x00, 0x00, 0x02, 0x00, 0x00, 0x00, 0x40, 0x00, 0x80, 0x08, 0x00, 0x10, 0x00, 0x00, 0x02, 0x00,
  0x00, 0x00, 0x40, 0x00, 0x80, 0x08, 0x00, 0x10, 0x00, 0x00, 0x02, 0x00, 0x04, 0x00, 0x40, 0x00,
  0x80, 0x08, 0x00, 0x10, 0x00, 0x00, 0x02, 0x00, 0x04, 0x00, 0x40, 0x00, 0x80, 0x08, 0x00, 0x10,
  0x00, 0x00, 0x02, 0x00, 0x04, 0x00, 0x40, 0x00, 0x80, 0x00, 0x00, 0x10, 0x00, 0x00, 0x02, 0x00,
  0x04, 0x00, 0x40, 0x00, 0x80, 0x00, 0x00, 0x10, 0x00, 0x20, 0x02, 0x00, 0x04, 0x00, 0x40, 0x00,
  0x80, 0x00, 0x00, 0x10, 0x00, 0x20, 0x02, 0x00, 0x04, 0x00, 0x40, 0x00, 0x80, 0x00, 0x00, 0x10,
  0x00, 0x20, 0x02, 0x00, 0x04, 0x00, 0x40, 0x00, 0x80, 0x00, 0x00, 0x10, 0x00, 0x20, 0x02, 0x00,
  0x04, 0x00, 0x00, 0x00, 0x80, 0x01, 0x00, 0x10, 0x00, 0x20, 0x02, 0x00, 0x04, 0x00, 0x10, 0x00,
  0x00, 0x00, 0x00, 0x00, 0x00, 0x00, 0x00, 0x80, 0x00, 0x00, 0x10, 0x00, 0x00, 0x00, 0x00, 0x00,
  0x00, 0x00, 0x00, 0x80, 0x00, 0x00, 0x00, 0x00, 0x00, 0x00, 0x00, 0x00, 0x00, 0x00, 0x00, 0x80,
  0x00, 0x00, 0x00, 0x00, 0x00, 0x00, 0x00, 0x00, 0x00, 0x00, 0x00, 0x80, 0x00, 0x00, 0x00, 0x00,
  0x00, 0x00, 0x00, 0x00, 0x00, 0x00, 0x00, 0x80, 0x00, 0x00, 0x00, 0x00, 0x00, 0x00, 0x00, 0x04,
  0x00, 0x00, 0x00, 0x00, 0x00, 0x00, 0x00, 0x00, 0x00, 0x00, 0x00, 0x04, 0x00, 0x00, 0x00, 0x00,
  0x00, 0x00, 0x00, 0x00, 0x00, 0x00, 0x00, 0x04, 0x00, 0x00, 0x00, 0x00, 0x00, 0x00, 0x00, 0x00,
  0x00, 0x00, 0x00, 0x04, 0x00, 0x00, 0x00, 0x00, 0x00, 0x00, 0x00, 0x00, 0x00, 0x00, 0x00, 0x00,
  0x00, 0x00, 0x00, 0x00, 0x00, 0x00, 0x00, 0x00, 0x20, 0x00, 0x00, 0x00, 0x00, 0x00, 0x00, 0x00,
  0x00, 0x00, 0x00, 0x00, 0x20, 0x00, 0x00, 0x00, 0x00, 0x00, 0x00, 0x00, 0x00, 0x00, 0x00, 0x00,
  0x20, 0x00, 0x00, 0x00, 0x00, 0x00, 0x00, 0x00, 0x00, 0x00, 0x00, 0x00, 0x00, 0x00, 0x00, 0x00,
  0x00, 0x00, 0x00, 0x00, 0x01, 0x00, 0x00, 0x00, 0x00, 0x00, 0x00, 0x00, 0x00, 0x00, 0x00, 0x00,
  0x01, 0x00, 0x00, 0x00, 0x00, 0x00, 0x00, 0x00, 0x00, 0x00, 0x00, 0x00, 0x00, 0x00, 0x00, 0x00,
  0x00, 0x00, 0x00, 0x00, 0x00, 0x00, 0x00, 0x00, 0x00, 0x00, 0x00, 0x00, 0x00, 0x00, 0x00, 0x00,
  0x00, 0x00, 0x00, 0x00, 0x00, 0x00, 0x00, 0x00, 0x00, 0x00, 0x00, 0x00, 0x00, 0x08, 0x00, 0x00,
  0x00, 0x00, 0x00, 0x00, 0x00, 0x00, 0x00, 0x00, 0x00, 0x00, 0x00, 0x00, 0x00, 0x00, 0x00, 0x00,
  0x00, 0x00, 0x00, 0x00, 0x00, 0x00, 0x00, 0x00, 0x00, 0x00, 0x00, 0x00, 0x00, 0x00, 0x00, 0x00,
  0x00, 0x00, 0x00, 0x00, 0x00, 0x00, 0x00, 0x00, 0x00, 0x00, 0x00, 0x00, 0x00, 0x00, 0x00, 0x00,
  0x00, 0x00, 0x00, 0x00, 0x00, 0x00, 0x00, 0x00, 0x00, 0x00, 0x00, 0x00, 0x00, 0x00, 0x00, 0x00,
  0x00, 0x00, 0x00, 0x00, 0x00, 0x00, 0x00, 0x00, 0x00, 0x00, 0x00, 0x00, 0x00, 0x00, 0x00, 0x00,
  0x00, 0x00, 0x00, 0x00, 0x00, 0x00, 0x00, 0x00, 0x00, 0x00, 0x00, 0x00, 0x00, 0x00, 0x00, 0x00,
  0x00, 0x00, 0x01, 0x00, 0x00, 0x00, 0x00, 0x00, 0x00, 0x00, 0x00, 0x00, 0x00, 0x00, 0x00, 0x00,
  0x00, 0x00, 0x00, 0x00, 0x00, 0x04, 0x00, 0x00, 0x00, 0x80, 0x01, 0x00, 0x10, 0x00, 0x20, 0x00,
  0x00, 0x04, 0x00, 0x08, 0x00, 0x80, 0x01, 0x00, 0x00, 0x00, 0x20, 0x00, 0x00, 0x04, 0x00, 0x08,
  0x00, 0x80, 0x01, 0x00, 0x00, 0x00, 0x20, 0x00, 0x00, 0x04, 0x00, 0x08, 0x00, 0x80, 0x01, 0x00,
  0x00, 0x00, 0x20, 0x00, 0x00, 0x04, 0x00, 0x08, 0x00, 0x80, 0x01, 0x00, 0x00, 0x00, 0x20, 0x00,
  0x40, 0x04, 0x00, 0x08, 0x00, 0x80, 0x01, 0x00, 0x00, 0x00, 0x20, 0x00, 0x40, 0x04, 0x00, 0x08,
  0x00, 0x00, 0x01, 0x00, 0x00, 0x00, 0x20, 0x00, 0x40, 0x04, 0x00, 0x08, 0x00, 0x00, 0x01, 0x00,
  0x00, 0x00, 0x20, 0x00, 0x40, 0x04, 0x00, 0x08, 0x00, 0x00, 0x01, 0x00, 0x02, 0x00, 0x20, 0x00,
  0x40, 0x04, 0x00, 0x08, 0x00, 0x00, 0x01, 0x00, 0x02, 0x00, 0x20, 0x00, 0x40, 0x04, 0x00, 0x08,
  0x00, 0x00, 0x01, 0x00, 0x02, 0x00, 0x20, 0x00, 0x40, 0x00, 0x00, 0x08, 0x00, 0x00, 0x01, 0x00,
  0x02, 0x00, 0x20, 0x00, 0x40, 0x00, 0x00, 0x08, 0x00, 0x10, 0x01, 0x00, 0x02, 0x00, 0x20, 0x00,
  0x40, 0x00, 0x00, 0x08, 0x00, 0x10, 0x01, 0x00, 0x02, 0x00, 0x20, 0x00, 0x40, 0x00, 0x00, 0x08,
  0x00, 0x10, 0x01, 0x00, 0x02, 0x00, 0x00, 0x00, 0x40, 0x00, 0x80, 0x08, 0x00, 0x10, 0x01, 0x00,
  0x02, 0x00, 0x00, 0x00, 0x40, 0x00, 0x80, 0x08, 0x00, 0x10, 0x01, 0x00, 0x02, 0x00, 0x00, 0x00,
  0x40, 0x00, 0x80, 0x08, 0x00, 0x10, 0x01, 0x00, 0x02, 0x00, 0x00, 0x00, 0x40, 0x00, 0x80, 0x08,
  0x00, 0x10, 0x01, 0x00, 0x02, 0x00, 0x04, 0x00, 0x40, 0x00, 0x80, 0x08, 0x00, 0x10, 0x00, 0x00,
  0x02, 0x00, 0x04, 0x00, 0x40, 0x00, 0x80, 0x08, 0x00, 0x10, 0x00, 0x00, 0x02, 0x00, 0x04, 0x00,
  0x40, 0x00, 0x80, 0x08, 0x00, 0x10, 0x00, 0x00, 0x02, 0x00, 0x04, 0x00, 0x40, 0x00, 0x80, 0x08,
  0x00, 0x10, 0x00, 0x20, 0x02, 0x00, 0x04, 0x00, 0x40, 0x00, 0x80, 0x08, 0x00, 0x10, 0x00, 0x20,
  0x02, 0x00, 0x04, 0x00, 0x40, 0x00, 0x80, 0x00, 0x00, 0x10, 0x00, 0x20, 0x02, 0x00, 0x04, 0x00,
  0x40, 0x00, 0x80, 0x00, 0x00, 0x10, 0x00, 0x20, 0x02, 0x00, 0x04, 0x00, 0x40, 0x00, 0x80, 0x01,
  0x00, 0x10, 0x00, 0x20, 0x02, 0x00, 0x04, 0x00, 0x40, 0x00, 0x80, 0x01, 0x00, 0x10, 0x00, 0x20,
  0x02, 0x00, 0x04, 0x00, 0x00, 0x00, 0x80, 0x01, 0x00, 0x10, 0x00, 0x20, 0x02, 0x00, 0x04, 0x00,
  0x08, 0x00, 0x80, 0x01, 0x00, 0x10, 0x00, 0x20, 0x02, 0x00, 0x04, 0x00, 0x08, 0x00, 0x80, 0x01,
  0x00, 0x10, 0x00, 0x20, 0x02, 0x00, 0x04, 0x00, 0x08, 0x00, 0x80, 0x01, 0x00, 0x10, 0x00, 0x20,
  0x02, 0x00, 0x04, 0x00, 0x08, 0x00, 0x80, 0x01, 0x00, 0x10, 0x00, 0x20, 0x00, 0x40, 0x04, 0x00,
  0x08, 0x00, 0x80, 0x01, 0x00, 0x10, 0x00, 0x20, 0x00, 0x40, 0x04, 0x00, 0x08, 0x00, 0x80, 0x01,
  0x00, 0x10, 0x00, 0x20, 0x00, 0x40, 0x04, 0x00, 0x08, 0x00, 0x80, 0x01, 0x00, 0x10, 0x00, 0x20,
  0x00, 0x40, 0x04, 0x00, 0x08, 0x00, 0x80, 0x01, 0x00, 0x12, 0x00, 0x20, 0x00, 0x40, 0x04, 0x00,
  0x08, 0x00, 0x80, 0x01, 0x00, 0x02, 0x00, 0x20, 0x00, 0x40, 0x04, 0x00, 0x08, 0x00, 0x80, 0x01,
  0x00, 0x02, 0x00, 0x20, 0x00, 0x40, 0x04, 0x00, 0x08, 0x00, 0x80, 0x01, 0x00, 0x02, 0x00, 0x20,
  0x00, 0x40, 0x04, 0x00, 0x08, 0x00, 0x90, 0x01, 0x00, 0x02, 0x00, 0x20, 0x00, 0x40, 0x04, 0x00,
  0x08, 0x00, 0x10, 0x01, 0x00, 0x02, 0x00, 0x20, 0x00, 0x40, 0x04, 0x00, 0x08, 0x00, 0x10, 0x01,
  0x00, 0x02, 0x00, 0x20, 0x00, 0x40, 0x04, 0x80, 0x08, 0x00, 0x10, 0x01, 0x00, 0x02, 0x00, 0x20,
  0x00, 0x40, 0x04, 0x80, 0x08, 0x00, 0x10, 0x01, 0x00, 0x02, 0x00, 0x20, 0x00, 0x40, 0x04, 0x80,
  0x08, 0x00, 0x10, 0x01, 0x00, 0x02, 0x00, 0x20, 0x00, 0x40, 0x00, 0x80, 0x08, 0x00, 0x10, 0x01,
  0x00, 0x02, 0x00, 0x24, 0x00, 0x40, 0x00, 0x80, 0x08, 0x00, 0x10, 0x01, 0x00, 0x02, 0x00, 0x24,
  0x00, 0x40, 0x00, 0x80, 0x08, 0x00, 0x10, 0x01, 0x00, 0x02, 0x00, 0x24, 0x00, 0x40, 0x00, 0x80,
  0x08, 0x00, 0x10, 0x01, 0x00, 0x02, 0x00, 0x04, 0x00, 0x40, 0x00, 0x80, 0x08, 0x00, 0x10, 0x01,
  0x20, 0x02, 0x00, 0x04, 0x00, 0x40, 0x00, 0x80, 0x08, 0x00, 0x10, 0x01, 0x20, 0x02, 0x00, 0x04,
  0x00, 0x40, 0x00, 0x80, 0x08, 0x00, 0x10, 0x01, 0x20, 0x02, 0x00, 0x04, 0x00, 0x40, 0x00, 0x80,
  0x08, 0x00, 0x10, 0x00, 0x20, 0x02, 0x00, 0x04, 0x00, 0x40, 0x00, 0x80, 0x01, 0x00, 0x10, 0x00,
  0x20, 0x02, 0x00, 0x04, 0x00, 0x40, 0x00, 0x80, 0x01, 0x00, 0x10, 0x00, 0x20, 0x02, 0x00, 0x04,
  0x00, 0x00, 0x00, 0x80, 0x01, 0x00, 0x10, 0x00, 0x20, 0x02, 0x00, 0x04, 0x00, 0x08, 0x00, 0x80,
  0x01, 0x00, 0x10, 0x00, 0x20, 0x02, 0x00, 0x04, 0x00, 0x08, 0x00, 0x80, 0x01, 0x00, 0x10, 0x00,
  0x20, 0x02, 0x00, 0x04, 0x00, 0x08, 0x00, 0x80, 0x01, 0x00, 0x10, 0x00, 0x20, 0x00, 0x00, 0x04,
  0x00, 0x08, 0x00, 0x80, 0x01, 0x00, 0x10, 0x00, 0x20, 0x00, 0x40, 0x04, 0x00, 0x08, 0x00, 0x80,
  0x01, 0x00, 0x10, 0x00, 0x20, 0x00, 0x40, 0x04, 0x00, 0x08, 0x00, 0x80, 0x01, 0x00, 0x10, 0x00,
  0x20, 0x00, 0x40, 0x04, 0x00, 0x08, 0x00, 0x80, 0x01, 0x00, 0x10, 0x00, 0x20, 0x00, 0x40, 0x04,
  0x00, 0x08, 0x00, 0x80, 0x01, 0x00, 0x02, 0x00, 0x20, 0x00, 0x40, 0x04, 0x00, 0x08, 0x00, 0x80,
  0x01, 0x00, 0x02, 0x00, 0x20, 0x00, 0x40, 0x04, 0x00, 0x08, 0x00, 0x80, 0x01, 0x00, 0x02, 0x00,
  0x20, 0x00, 0x40, 0x04, 0x00, 0x08, 0x00, 0x80, 0x01, 0x00, 0x02, 0x00, 0x20, 0x00, 0x40, 0x04,
  0x00, 0x08, 0x00, 0x10, 0x01, 0x00, 0x02, 0x00, 0x20, 0x00, 0x40, 0x04, 0x00, 0x08, 0x00, 0x10,
  0x01, 0x00, 0x02, 0x00, 0x20, 0x00, 0x40, 0x04, 0x00, 0x08, 0x00, 0x10, 0x01, 0x00, 0x02, 0x00,
  0x20, 0x00, 0x40, 0x04, 0x80, 0x08, 0x00, 0x10, 0x01, 0x00, 0x02, 0x00, 0x20, 0x00, 0x40, 0x04,
  0x80, 0x08, 0x00, 0x10, 0x01, 0x00, 0x02, 0x00, 0x20, 0x00, 0x40, 0x00, 0x80, 0x08, 0x00, 0x10,
  0x01, 0x00, 0x02, 0x00, 0x20, 0x00, 0x40, 0x00, 0x80, 0x08, 0x00, 0x10, 0x01, 0x00, 0x02, 0x00,
  0x24, 0x00, 0x40, 0x00, 0x80, 0x08, 0x00, 0x10, 0x01, 0x00, 0x02, 0x00, 0x24, 0x00, 0x40, 0x00,
  0x80, 0x08, 0x00, 0x10, 0x01, 0x00, 0x02, 0x00, 0x04, 0x00, 0x40, 0x00, 0x80, 0x08, 0x00, 0x10,
  0x01, 0x00, 0x02, 0x00, 0x04, 0x00, 0x40, 0x00, 0x80, 0x08, 0x00, 0x10, 0x01, 0x20, 0x02, 0x00,
  0x04, 0x00, 0x40, 0x00, 0x80, 0x08, 0x00, 0x10, 0x01, 0x20, 0x02, 0x00, 0x04, 0x00, 0x40, 0x00,
  0x80, 0x08, 0x00, 0x10, 0x01, 0x20, 0x02, 0x00, 0x04, 0x00, 0x40, 0x00, 0x80, 0x08, 0x00, 0x10,
  0x00, 0x20, 0x02, 0x00, 0x04, 0x00, 0x40, 0x00, 0x80, 0x09, 0x00, 0x10, 0x00, 0x20, 0x02, 0x00,
  0x04, 0x00, 0x40, 0x00, 0x80, 0x09, 0x00, 0x10, 0x00, 0x20, 0x02, 0x00, 0x04, 0x00, 0x40, 0x00,
  0x80, 0x09, 0x00, 0x10, 0x00, 0x20, 0x02, 0x00, 0x04, 0x00, 0x48, 0x00, 0x80, 0x09, 0x00, 0x10,
  0x00, 0x20, 0x02, 0x00, 0x04, 0x00, 0x48, 0x00, 0x80, 0x01, 0x00, 0x10, 0x00, 0x20, 0x02, 0x00,
  0x04, 0x00, 0x48, 0x00, 0x80, 0x01, 0x00, 0x10, 0x00, 0x20, 0x02, 0x00, 0x04, 0x00, 0x48, 0x00,
  0x80, 0x01, 0x00, 0x10, 0x00, 0x20, 0x02, 0x40, 0x04, 0x00, 0x48, 0x00, 0x80, 0x01, 0x00, 0x10,
  0x00, 0x20, 0x02, 0x40, 0x04, 0x00, 0x08, 0x00, 0x80, 0x01, 0x00, 0x10, 0x00, 0x20, 0x02, 0x40,
  0x04, 0x00, 0x08, 0x00, 0x80, 0x01, 0x00, 0x10, 0x00, 0x20, 0x02, 0x40, 0x04, 0x00, 0x08, 0x00,
  0x80, 0x01, 0x00, 0x12, 0x00, 0x20, 0x02, 0x40, 0x04, 0x00, 0x08, 0x00, 0x80, 0x01, 0x00, 0x12,
  0x00, 0x20, 0x02, 0x40, 0x04, 0x00, 0x08, 0x00, 0x80, 0x01, 0x00, 0x12, 0x00, 0x20, 0x00, 0x40,
  0x04, 0x00, 0x08, 0x00, 0x90, 0x01, 0x00, 0x12, 0x00, 0x20, 0x00, 0x40, 0x04, 0x00, 0x08, 0x00,
  0x90, 0x01, 0x00, 0x12, 0x00, 0x20, 0x00, 0x40, 0x04, 0x00, 0x08, 0x00, 0x90, 0x01, 0x00, 0x12,
  0x00, 0x20, 0x00, 0x40, 0x04, 0x00, 0x08, 0x00, 0x90, 0x01, 0x00, 0x02, 0x00, 0x20, 0x00, 0x40,
  0x04, 0x80, 0x08, 0x00, 0x90, 0x01, 0x00, 0x02, 0x00, 0x20, 0x00, 0x40, 0x04, 0x80, 0x08, 0x00,
  0x90, 0x01, 0x00, 0x02, 0x00, 0x20, 0x00, 0x40, 0x04, 0x80, 0x08, 0x00, 0x90, 0x01, 0x00, 0x12,
  0x00, 0x20, 0x00, 0x40, 0x04, 0x80, 0x08, 0x00, 0x90, 0x01, 0x00, 0x12, 0x00, 0x24, 0x00, 0x40,
  0x04, 0x80, 0x08, 0x00, 0x90, 0x01, 0x00, 0x02, 0x00, 0x24, 0x00, 0x40, 0x04, 0x80, 0x08, 0x00,
  0x90, 0x01, 0x00, 0x02, 0x00, 0x24, 0x00, 0x40, 0x04, 0x80, 0x08, 0x00, 0x90, 0x01, 0x00, 0x02,
  0x00, 0x24, 0x00, 0x40, 0x04, 0x80, 0x08, 0x00, 0x90, 0x01, 0x20, 0x02, 0x00, 0x24, 0x00, 0x40,
  0x04, 0x80, 0x08, 0x00, 0x90, 0x01, 0x20, 0x02, 0x00, 0x24, 0x00, 0x40, 0x04, 0x80, 0x08, 0x00,
  0x90, 0x01, 0x20, 0x02, 0x00, 0x24, 0x00, 0x40, 0x04, 0x80, 0x09, 0x00, 0x90, 0x01, 0x20, 0x02,
  0x00, 0x24, 0x00, 0x40, 0x04, 0x80, 0x09, 0x00, 0x90, 0x01, 0x20, 0x02, 0x00, 0x24, 0x00, 0x40,
  0x04, 0x80, 0x09, 0x00, 0x10, 0x01, 0x20, 0x02, 0x00, 0x24, 0x00, 0x40, 0x04, 0x80, 0x09, 0x00,
  0x10, 0x01, 0x20, 0x02, 0x00, 0x24, 0x00, 0x48, 0x04, 0x80, 0x09, 0x00, 0x10, 0x01, 0x20, 0x02,
  0x00, 0x24, 0x00, 0x48, 0x04, 0x80, 0x09, 0x00, 0x10, 0x01, 0x20, 0x02, 0x00, 0x24, 0x00, 0x48,
  0x04, 0x80, 0x09, 0x00, 0x10, 0x01, 0x20, 0x02, 0x00, 0x24, 0x00, 0x48, 0x00, 0x80, 0x09, 0x00,
  0x10, 0x01, 0x20, 0x02, 0x40, 0x24, 0x00, 0x48, 0x00, 0x80, 0x09, 0x00, 0x10, 0x01, 0x20, 0x02,
  0x40, 0x24, 0x00, 0x48, 0x00, 0x80, 0x09, 0x00, 0x10, 0x01, 0x20, 0x02, 0x40, 0x24, 0x00, 0x48,
  0x00, 0x80, 0x09, 0x00, 0x10, 0x01, 0x20, 0x02, 0x40, 0x04, 0x00, 0x48, 0x00, 0x80, 0x09, 0x00,
  0x12, 0x01, 0x20, 0x02, 0x40, 0x04, 0x00, 0x48, 0x00, 0x80, 0x09, 0x00, 0x12, 0x01, 0x20, 0x02,
  0x40, 0x04, 0x00, 0x48, 0x00, 0x80, 0x09, 0x00, 0x12, 0x00, 0x20, 0x02, 0x40, 0x04, 0x00, 0x48,
  0x00, 0x90, 0x09, 0x00, 0x12, 0x00, 0x20, 0x02, 0x40, 0x04, 0x00, 0x48, 0x00, 0x90, 0x09, 0x00,
  0x12, 0x00, 0x20, 0x02, 0x40, 0x04, 0x00, 0x48, 0x00, 0x90, 0x09, 0x00, 0x12, 0x00, 0x20, 0x02,
  0x40, 0x04, 0x00, 0x48, 0x00, 0x90, 0x01, 0x00, 0x12, 0x00, 0x20, 0x02, 0x40, 0x04, 0x80, 0x48,
  0x00, 0x90, 0x01, 0x00, 0x12, 0x00, 0x20, 0x02, 0x40, 0x04, 0x80, 0x48, 0x00, 0x90, 0x01, 0x00,
  0x12, 0x00, 0x20, 0x02, 0x40, 0x04, 0x80, 0x48, 0x00, 0x90, 0x01, 0x00, 0x12, 0x00, 0x20, 0x02,
  0x40, 0x04, 0x80, 0x48, 0x00, 0x90, 0x01, 0x00, 0x12, 0x00, 0x24, 0x02, 0x40, 0x04, 0x80, 0x08,
  0x00, 0x90, 0x01, 0x00, 0x12, 0x00, 0x24, 0x02, 0x40, 0x04, 0x80, 0x08, 0x00, 0x90, 0x01, 0x00,
  0x12, 0x00, 0x24, 0x02, 0x40, 0x04, 0x80, 0x08, 0x00, 0x90, 0x01, 0x00, 0x12, 0x00, 0x24, 0x02,
  0x40, 0x04, 0x80, 0x08, 0x00, 0x90, 0x01, 0x20, 0x12, 0x00, 0x24, 0x02, 0x40, 0x04, 0x80, 0x08,
  0x00, 0x90, 0x01, 0x20, 0x12, 0x00, 0x24, 0x00, 0x40, 0x04, 0x80, 0x08, 0x00, 0x90, 0x01, 0x20,
  0x12, 0x00, 0x24, 0x00, 0x40, 0x04, 0x80, 0x09, 0x00, 0x90, 0x01, 0x20, 0x12, 0x00, 0x24, 0x00,
  0x40, 0x04, 0x80, 0x09, 0x00, 0x90, 0x01, 0x20, 0x12, 0x00, 0x24, 0x00, 0x40, 0x04, 0x80, 0x09,
  0x00, 0x90, 0x01, 0x20, 0x12, 0x00, 0x24, 0x00, 0x40, 0x04, 0x80, 0x09, 0x00, 0x90, 0x01, 0x20,
  0x02, 0x00, 0x24, 0x00, 0x48, 0x04, 0x80, 0x09, 0x00, 0x90, 0x01, 0x20, 0x02, 0x00, 0x24, 0x00,
  0x48, 0x04, 0x80, 0x09, 0x00, 0x90, 0x01, 0x20, 0x02, 0x00, 0x24, 0x00, 0x48, 0x04, 0x80, 0x09,
  0x00, 0x90, 0x01, 0x20, 0x02, 0x00, 0x24, 0x00, 0x48, 0x04, 0x80, 0x09, 0x00, 0x10, 0x01, 0x20,
  0x02, 0x40, 0x24, 0x00, 0x48, 0x04, 0x80, 0x09, 0x00, 0x10, 0x01, 0x20, 0x02, 0x40, 0x24, 0x00,
  0x48, 0x04, 0x80, 0x09, 0x00, 0x10, 0x01, 0x20, 0x02, 0x40, 0x24, 0x00, 0x48, 0x04, 0x80, 0x09,
  0x00, 0x10, 0x01, 0x20, 0x02, 0x40, 0x24, 0x00, 0x48, 0x04, 0x80, 0x09, 0x00, 0x12, 0x01, 0x20,
  0x02, 0x40, 0x24, 0x00, 0x48, 0x00, 0x80, 0x09, 0x00, 0x12, 0x01, 0x20, 0x02, 0x40, 0x24, 0x00,
  0x48, 0x00, 0x80, 0x09, 0x00, 0x12, 0x01, 0x20, 0x02, 0x40, 0x24, 0x00, 0x48, 0x00, 0x90, 0x09,
  0x00, 0x12, 0x01, 0x20, 0x02, 0x40, 0x24, 0x00, 0x48, 0x00, 0x90, 0x09, 0x00, 0x12, 0x01, 0x20,
  0x02, 0x40, 0x04, 0x00, 0x48, 0x00, 0x90, 0x09, 0x00, 0x12, 0x01, 0x20, 0x02, 0x40, 0x04, 0x00,
  0x48, 0x00, 0x90, 0x09, 0x00, 0x12, 0x01, 0x20, 0x02, 0x40, 0x04, 0x80, 0x48, 0x00, 0x90, 0x09,
  0x00, 0x12, 0x01, 0x20, 0x02, 0x40, 0x04, 0x80, 0x48, 0x00, 0x90, 0x09, 0x00, 0x12, 0x01, 0x20,
  0x02, 0x40, 0x04, 0x80, 0x48, 0x00, 0x90, 0x09, 0x00, 0x12, 0x00, 0x20, 0x02, 0x40, 0x04, 0x80,
  0x48, 0x00, 0x90, 0x09, 0x00, 0x12, 0x00, 0x24, 0x02, 0x40, 0x04, 0x80, 0x48, 0x00, 0x90, 0x09,
  0x00, 0x12, 0x00, 0x24, 0x02, 0x40, 0x04, 0x80, 0x48, 0x00, 0x90, 0x09, 0x00, 0x12, 0x00, 0x24,
  0x02, 0x40, 0x04, 0x80, 0x48, 0x00, 0x90, 0x09, 0x00, 0x12, 0x00, 0x24, 0x02, 0x40, 0x04, 0x80,
  0x48, 0x00, 0x90, 0x01, 0x20, 0x12, 0x00, 0x24, 0x02, 0x40, 0x04, 0x80, 0x48, 0x00, 0x90, 0x01,
  0x20, 0x12, 0x00, 0x24, 0x02, 0x40, 0x04, 0x80, 0x48, 0x00, 0x90, 0x01, 0x20, 0x12, 0x00, 0x24,
  0x02, 0x40, 0x04, 0x80, 0x49, 0x00, 0x90, 0x01, 0x20, 0x12, 0x00, 0x24, 0x02, 0x40, 0x04, 0x80,
  0x09, 0x00, 0x90, 0x01, 0x20, 0x12, 0x00, 0x24, 0x02, 0x40, 0x04, 0x80, 0x09, 0x00, 0x90, 0x01,
  0x20, 0x12, 0x00, 0x24, 0x02, 0x40, 0x04, 0x80, 0x09, 0x00, 0x90, 0x01, 0x20, 0x12, 0x00, 0x24,
  0x02, 0x48, 0x04, 0x80, 0x09, 0x00, 0x90, 0x01, 0x20, 0x12, 0x00, 0x24, 0x02, 0x48, 0x04, 0x80,
  0x09, 0x00, 0x90, 0x01, 0x20, 0x12, 0x00, 0x24, 0x00, 0x48, 0x04, 0x80, 0x09, 0x00, 0x90, 0x01,
  0x20, 0x12, 0x00, 0x24, 0x00, 0x48, 0x04, 0x80, 0x09, 0x00, 0x90, 0x01, 0x20, 0x12, 0x40, 0x24,
  0x00, 0x48, 0x04, 0x80, 0x09, 0x00, 0x90, 0x01, 0x20, 0x12, 0x40, 0x24, 0x00, 0x48, 0x04, 0x80,
  0x09, 0x00, 0x90, 0x01, 0x20, 0x02, 0x40, 0x24, 0x00, 0x48, 0x04, 0x80, 0x09, 0x00, 0x90, 0x01,
  0x20, 0x02, 0x40, 0x24, 0x00, 0x48, 0x04, 0x80, 0x09, 0x00, 0x92, 0x01, 0x20, 0x02, 0x40, 0x24,
  0x00, 0x48, 0x04, 0x80, 0x09, 0x00, 0x92, 0x01, 0x20, 0x02, 0x40, 0x24, 0x00, 0x48, 0x04, 0x80,
  0x09, 0x00, 0x92, 0x01, 0x20, 0x02, 0x40, 0x24, 0x00, 0x48, 0x04, 0x90, 0x09, 0x00, 0x12, 0x01,
  0x20, 0x02, 0x40, 0x24, 0x00, 0x48, 0x04, 0x90, 0x09, 0x00, 0x12, 0x01, 0x20, 0x02, 0x40, 0x24,
  0x00, 0x48, 0x04, 0x90, 0x09, 0x00, 0x12, 0x01, 0x20, 0x02, 0x40, 0x24, 0x00, 0x48, 0x04, 0x90,
  0x09, 0x00, 0x12, 0x01, 0x20, 0x02, 0x40, 0x24, 0x80, 0x48, 0x04, 0x90, 0x09, 0x00, 0x00, 0x00,
  0x08, 0x00, 0x00, 0x00, 0x00, 0x00, 0x00, 0x00, 0x00, 0x00, 0x00, 0x00, 0x08, 0x00, 0x00, 0x00,
  0x00, 0x00, 0x00, 0x00, 0x00, 0x00, 0x00, 0x00, 0x08, 0x00, 0x00, 0x24, 0x80, 0x48, 0x00, 0x90,
  0x09, 0x00, 0x12, 0x01, 0x24, 0x02, 0x40, 0x24, 0x80, 0x48, 0x00, 0x90, 0x09, 0x00, 0x12, 0x01,
  0x24, 0x02, 0x40, 0x04, 0x80, 0x48, 0x00, 0x90, 0x09, 0x00, 0x12, 0x01, 0x24, 0x02, 0x40, 0x04,
  0x80, 0x48, 0x00, 0x90, 0x09, 0x00, 0x12, 0x01, 0x24, 0x02, 0x40, 0x04, 0x80, 0x48, 0x00, 0x90,
  0x09, 0x20, 0x12, 0x01, 0x24, 0x02, 0x40, 0x04, 0x80, 0x42, 0x00, 0x00, 0x00, 0x00, 0x00, 0x00,
  0x00, 0x00, 0x00, 0x00, 0x00, 0x02, 0x00, 0x00, 0x00, 0x00, 0x00, 0x00, 0x00, 0x00, 0x00, 0x00,
  0x00, 0x00, 0x00, 0x00, 0x00, 0x00, 0x00, 0x00, 0x00, 0x00, 0x00, 0x00, 0x00, 0x00, 0x00, 0x00,
  0x00, 0x00, 0x00, 0x00, 0x00, 0x00, 0x10, 0x00, 0x00, 0x00, 0x00, 0x00, 0x00, 0x00, 0x00, 0x00,
  0x00, 0x00, 0x10, 0x00, 0x00, 0x00, 0x00, 0x00, 0x00, 0x00, 0x00, 0x00, 0x00, 0x00, 0x00, 0x00,
  0x00, 0x00, 0x00, 0x00, 0x00, 0x00, 0x00, 0x00, 0x00, 0x00, 0x00, 0x00, 0x00, 0x00, 0x00, 0x00,
  0x00, 0x00, 0x00, 0x80, 0x00, 0x00, 0x00, 0x00, 0x00, 0x00, 0x00, 0x00, 0x00, 0x00, 0x00, 0x80,
  0x00, 0x00, 0x00, 0x00, 0x00, 0x00, 0x00, 0x00, 0x00, 0x00, 0x00, 0x00, 0x00, 0x00, 0x00, 0x00,
  0x00, 0x00, 0x00, 0x00, 0x00, 0x00, 0x00, 0x00, 0x00, 0x00, 0x00, 0x00, 0x00, 0x00, 0x00, 0x04,
  0x00, 0x00, 0x00, 0x00, 0x00, 0x00, 0x00, 0x00, 0x00, 0x00, 0x00, 0x04, 0x00, 0x00, 0x00, 0x00,
  0x00, 0x00, 0x00, 0x00, 0x00, 0x00, 0x00, 0x00, 0x00, 0x00, 0x00, 0x00, 0x00, 0x00, 0x00, 0x00,
  0x00, 0x00, 0x00, 0x00, 0x00, 0x08, 0x00, 0x00, 0x01, 0x00, 0x00, 0x00, 0x20, 0x00, 0x00, 0x00,
  0x00, 0x08, 0x00, 0x00, 0x01, 0x00, 0x00, 0x00, 0x00, 0x00, 0x00, 0x00, 0x00, 0x08, 0x00, 0x00,
  0x01, 0x00, 0x00, 0x00, 0x00, 0x00, 0x40, 0x00, 0x00, 0x08, 0x00, 0x00, 0x01, 0x00, 0x00, 0x00,
  0x00, 0x00, 0x40, 0x00, 0x00, 0x08, 0x00, 0x00, 0x01, 0x00, 0x00, 0x00, 0x00, 0x00, 0x40, 0x00,
  0x00, 0x08, 0x00, 0x00, 0x00, 0x00, 0x00, 0x00, 0x00, 0x00, 0x40, 0x00, 0x00, 0x08, 0x00, 0x00,
  0x00, 0x00, 0x02, 0x00, 0x00, 0x00, 0x00, 0x00, 0x00, 0x08, 0x00, 0x00, 0x00, 0x00, 0x00, 0x00,
  0x00, 0x00, 0x00, 0x00, 0x00, 0x08, 0x00, 0x00, 0x00, 0x00, 0x00, 0x00, 0x00, 0x00, 0x00, 0x00,
  0x00, 0x00, 0x00, 0x00, 0x00, 0x00, 0x02, 0x00, 0x00, 0x00, 0x40, 0x00, 0x00, 0x00, 0x00, 0x00,
  0x00, 0x00, 0x02, 0x00, 0x00, 0x00, 0x40, 0x00, 0x00, 0x00, 0x00, 0x00, 0x00, 0x00, 0x02, 0x00,
  0x00, 0x00, 0x40, 0x00, 0x00, 0x00, 0x00, 0x00, 0x00, 0x00, 0x02, 0x00, 0x00, 0x00, 0x00, 0x00,
  0x00, 0x00, 0x00, 0x10, 0x00, 0x00, 0x02, 0x00, 0x00, 0x00, 0x00, 0x00, 0x00, 0x00, 0x00, 0x10,
  0x00, 0x00, 0x02, 0x00, 0x00, 0x00, 0x00, 0x00, 0x00, 0x00, 0x00, 0x10, 0x00, 0x00, 0x00, 0x00,
  0x00, 0x00, 0x00, 0x00, 0x80, 0x00, 0x00, 0x10, 0x00, 0x00, 0x00, 0x00, 0x00, 0x00, 0x00, 0x00,
  0x80, 0x00, 0x00, 0x10, 0x00, 0x00, 0x00, 0x00, 0x00, 0x00, 0x00, 0x00, 0x80, 0x00, 0x00, 0x10,
  0x00, 0x00, 0x00, 0x00, 0x00, 0x00, 0x00, 0x00, 0x80, 0x00, 0x00, 0x00, 0x00, 0x00, 0x00, 0x00,
  0x04, 0x00, 0x00, 0x00, 0x80, 0x00, 0x00, 0x00, 0x00, 0x00, 0x00, 0x00, 0x04, 0x00, 0x00, 0x00,
  0x80, 0x00, 0x00, 0x00, 0x00, 0x00, 0x00, 0x00, 0x04, 0x00, 0x00, 0x00, 0x80, 0x00, 0x00, 0x00,
  0x00, 0x00, 0x00, 0x00, 0x04, 0x00, 0x00, 0x00, 0x00, 0x00, 0x00, 0x00, 0x00, 0x20, 0x00, 0x00,
  0x04, 0x00, 0x00, 0x00, 0x00, 0x00, 0x00, 0x00, 0x00, 0x20, 0x00, 0x00, 0x04, 0x00, 0x00, 0x00,
  0x00, 0x00, 0x00, 0x00, 0x00, 0x20, 0x00, 0x00, 0x04, 0x00, 0x00, 0x00, 0x00, 0x00, 0x00, 0x00,
  0x00, 0x20, 0x00, 0x00, 0x00, 0x00, 0x00, 0x00, 0x00, 0x01, 0x00, 0x00, 0x00, 0x20, 0x00, 0x00,
  0x00, 0x00, 0x00, 0x00, 0x00, 0x01, 0x00, 0x00, 0x00, 0x20, 0x00, 0x00, 0x00, 0x00, 0x00, 0x00,
  0x00, 0x01, 0x00, 0x00, 0x00, 0x00, 0x00, 0x00, 0x00, 0x00, 0x00, 0x00, 0x00, 0x01, 0x00, 0x00,
  0x00, 0x00, 0x00, 0x00, 0x00, 0x00, 0x08, 0x00, 0x00, 0x01, 0x00, 0x00, 0x00, 0x00, 0x00, 0x00,
  0x00, 0x00, 0x08, 0x00, 0x00, 0x01, 0x00, 0x00, 0x00, 0x00, 0x00, 0x00, 0x00, 0x00, 0x08, 0x00,
  0x00, 0x00, 0x00, 0x00, 0x00, 0x00, 0x00, 0x00, 0x00, 0x00, 0x08, 0x00, 0x00, 0x00, 0x00, 0x00,
  0x00, 0x00, 0x00, 0x00, 0x00, 0x00, 0x08, 0x00, 0x00, 0x00, 0x00, 0x00, 0x00, 0x00, 0x00, 0x40,
  0x00, 0x00, 0x08, 0x00, 0x00, 0x00, 0x00, 0x00, 0x00, 0x00, 0x00, 0x40, 0x00, 0x00, 0x00, 0x00,
  0x00, 0x00, 0x00, 0x00, 0x00, 0x00, 0x00, 0x40, 0x00, 0x00, 0x00, 0x00, 0x00, 0x00, 0x00, 0x00,
  0x00, 0x00, 0x00, 0x40, 0x00, 0x00, 0x00, 0x00, 0x00, 0x00, 0x00, 0x02, 0x00, 0x00, 0x00, 0x40,
  0x00, 0x00, 0x00, 0x00, 0x00, 0x00, 0x00, 0x02, 0x00, 0x00, 0x00, 0x00, 0x00, 0x00, 0x00, 0x00,
  0x00, 0x00, 0x00, 0x02, 0x00, 0x00, 0x00, 0x00, 0x00, 0x00, 0x00, 0x00, 0x00, 0x00, 0x00, 0x02,
  0x00, 0x00, 0x00, 0x00, 0x00, 0x00, 0x00, 0x00, 0x10, 0x00, 0x00, 0x00, 0x00, 0x00, 0x00, 0x00,
  0x00, 0x00, 0x00, 0x00, 0x10, 0x00, 0x00, 0x00, 0x00, 0x00, 0x00, 0x00, 0x00, 0x00, 0x00, 0x00,
  0x10, 0x00, 0x00, 0x00, 0x00, 0x00, 0x00, 0x00, 0x00, 0x80, 0x00, 0x00, 0x10, 0x00, 0x00, 0x00,
  0x00, 0x00, 0x00, 0x00, 0x00, 0x80, 0x00, 0x00, 0x00, 0x00, 0x00, 0x00, 0x00, 0x00, 0x00, 0x00,
  0x00, 0x80, 0x00, 0x00, 0x00, 0x00, 0x00, 0x00, 0x00, 0x00, 0x00, 0x00, 0x00, 0x80, 0x00, 0x00,
  0x00, 0x00, 0x00, 0x00, 0x00, 0x04, 0x00, 0x00, 0x00, 0x80, 0x00, 0x00, 0x00, 0x00, 0x00, 0x00,
  0x00, 0x04, 0x00, 0x00, 0x00, 0x00, 0x00, 0x00, 0x00, 0x00, 0x00, 0x00, 0x00, 0x04, 0x00, 0x00,
  0x00, 0x00, 0x00, 0x00, 0x00, 0x00, 0x00, 0x00, 0x00, 0x04, 0x00, 0x00, 0x00, 0x00, 0x00, 0x00,
  0x00, 0x00, 0x20, 0x00, 0x00, 0x04, 0x00, 0x00, 0x00, 0x00, 0x00, 0x00, 0x00, 0x00, 0x20, 0x00,
  0x00, 0x00, 0x00, 0x00, 0x00, 0x00, 0x00, 0x00, 0x00, 0x00, 0x20, 0x00, 0x00, 0x00, 0x00, 0x00,
  0x00, 0x00, 0x00, 0x00, 0x00, 0x00, 0x20, 0x00, 0x00, 0x00, 0x00, 0x00, 0x00, 0x00, 0x01, 0x00,
  0x00, 0x00, 0x00, 0x00, 0x00, 0x00, 0x00, 0x00, 0x00, 0x00, 0x01, 0x00, 0x00, 0x00, 0x00, 0x00,
  0x00, 0x00, 0x00, 0x00, 0x00, 0x00, 0x01, 0x00, 0x00, 0x00, 0x00, 0x00, 0x00, 0x00, 0x00, 0x00,
  0x00, 0x00, 0x01, 0x00, 0x00, 0x00, 0x00, 0x00, 0x00, 0x00, 0x00, 0x08, 0x00, 0x00, 0x00, 0x00,
  0x00, 0x00, 0x00, 0x00, 0x00, 0x00, 0x00, 0x08, 0x00, 0x00, 0x00, 0x00, 0x00, 0x00, 0x00, 0x00,
  0x00, 0x00, 0x00, 0x08, 0x00, 0x00, 0x00, 0x00, 0x00, 0x00, 0x00, 0x00, 0x40, 0x00, 0x00, 0x08,
  0x00, 0x00, 0x00, 0x00, 0x00, 0x00, 0x00, 0x00, 0x40, 0x00, 0x00, 0x00, 0x00, 0x00, 0x00, 0x00,
  0x00, 0x00, 0x00, 0x00, 0x40, 0x00, 0x00, 0x00, 0x00, 0x00, 0x00, 0x00, 0x00, 0x00, 0x00, 0x00,
  0x40, 0x00, 0x00, 0x00, 0x00, 0x00, 0x00, 0x00, 0x02, 0x00, 0x00, 0x00, 0x00, 0x00, 0x00, 0x00,
  0x00, 0x00, 0x00, 0x00, 0x02, 0x00, 0x00, 0x00, 0x00, 0x00, 0x00, 0x00, 0x00, 0x00, 0x00, 0x00,
  0x02, 0x00, 0x00, 0x00, 0x00, 0x00, 0x00, 0x00, 0x00, 0x00, 0x00, 0x00, 0x02, 0x00, 0x00, 0x00,
  0x00, 0x00, 0x00, 0x00, 0x00, 0x10, 0x00, 0x00, 0x00, 0x00, 0x00, 0x00, 0x00, 0x00, 0x00, 0x00,
  0x00, 0x10, 0x00, 0x00, 0x00, 0x00, 0x00, 0x00, 0x00, 0x00, 0x00, 0x00, 0x00, 0x10, 0x00, 0x00,
  0x00, 0x00, 0x00, 0x00, 0x00, 0x00, 0x00, 0x00, 0x00, 0x10, 0x00, 0x00, 0x00, 0x00, 0x00, 0x00,
  0x00, 0x00, 0x00, 0x00, 0x00, 0x00, 0x00, 0x00, 0x00, 0x00, 0x00, 0x00, 0x00, 0x00, 0x80, 0x00,
  0x00, 0x00, 0x00, 0x00, 0x00, 0x00, 0x00, 0x00, 0x00, 0x00, 0x80, 0x00, 0x00, 0x00, 0x00, 0x00,
  0x00, 0x00, 0x00, 0x00, 0x00, 0x00, 0x80, 0x00, 0x00, 0x00, 0x00, 0x00, 0x00, 0x00, 0x00, 0x00,
  0x00, 0x00, 0x00, 0x00, 0x00, 0x00, 0x00, 0x20, 0x00, 0x00, 0x04, 0x00, 0x08, 0x00, 0x00, 0x01,
  0x00, 0x00, 0x00, 0x20, 0x00, 0x40, 0x04, 0x00, 0x08, 0x00, 0x00, 0x01, 0x00, 0x00, 0x00, 0x20,
  0x00, 0x40, 0x00, 0x00, 0x08, 0x00, 0x00, 0x01, 0x00, 0x00, 0x00, 0x20, 0x00, 0x40, 0x00, 0x00,
  0x08, 0x00, 0x00, 0x01, 0x00, 0x00, 0x00, 0x20, 0x00, 0x40, 0x00, 0x00, 0x08, 0x00, 0x00, 0x01,
  0x00, 0x02, 0x00, 0x20, 0x00, 0x40, 0x00, 0x00, 0x08, 0x00, 0x00, 0x01, 0x00, 0x02, 0x00, 0x00,
  0x00, 0x40, 0x00, 0x00, 0x08, 0x00, 0x00, 0x01, 0x00, 0x00, 0x00, 0x00, 0x00, 0x00, 0x00, 0x00,
  0x08, 0x00, 0x00, 0x01, 0x00, 0x00, 0x00, 0x00, 0x00, 0x40, 0x00, 0x00, 0x08, 0x00, 0x00, 0x01,
  0x00, 0x00, 0x00, 0x00, 0x00, 0x40, 0x00, 0x00, 0x08, 0x00, 0x00, 0x00, 0x00, 0x00, 0x00, 0x00,
  0x00, 0x40, 0x00, 0x00, 0x08, 0x00, 0x00, 0x00, 0x00, 0x00, 0x00, 0x00, 0x00, 0x40, 0x00, 0x00,
  0x08, 0x00, 0x00, 0x00, 0x00, 0x02, 0x00, 0x00, 0x00, 0x40, 0x00, 0x00, 0x08, 0x00, 0x00, 0x00,
  0x00, 0x02, 0x00, 0x00, 0x00, 0x40, 0x00, 0x00, 0x00, 0x00, 0x00, 0x00, 0x00, 0x02, 0x00, 0x00,
  0x00, 0x40, 0x00, 0x00, 0x00, 0x00, 0x00, 0x00, 0x00, 0x02, 0x00, 0x00, 0x00, 0x40, 0x00, 0x00,
  0x00, 0x00, 0x10, 0x00, 0x00, 0x02, 0x00, 0x00, 0x00, 0x00, 0x00, 0x00, 0x00, 0x00, 0x10, 0x00,
  0x00, 0x02, 0x00, 0x00, 0x00, 0x00, 0x00, 0x00, 0x00, 0x00, 0x10, 0x00, 0x00, 0x02, 0x00, 0x00,
  0x00, 0x00, 0x00, 0x80, 0x00, 0x00, 0x10, 0x00, 0x00, 0x02, 0x00, 0x00, 0x00, 0x00, 0x00, 0x80,
  0x00, 0x00, 0x10, 0x00, 0x00, 0x00, 0x00, 0x00, 0x00, 0x00, 0x00, 0x80, 0x00, 0x00, 0x10, 0x00,
  0x00, 0x00, 0x00, 0x00, 0x00, 0x00, 0x00, 0x80, 0x00, 0x00, 0x10, 0x00, 0x00, 0x00, 0x00, 0x04,
  0x00, 0x00, 0x00, 0x80, 0x00, 0x00, 0x10, 0x00, 0x00, 0x00, 0x00, 0x04, 0x00, 0x00, 0x00, 0x80,
  0x00, 0x00, 0x00, 0x00, 0x00, 0x00, 0x00, 0x04, 0x00, 0x00, 0x00, 0x80, 0x00, 0x00, 0x00, 0x00,
  0x00, 0x00, 0x00, 0x04, 0x00, 0x00, 0x00, 0x80, 0x00, 0x00, 0x00, 0x00, 0x20, 0x00, 0x00, 0x04,
  0x00, 0x00, 0x00, 0x80, 0x00, 0x00, 0x00, 0x00, 0x20, 0x00, 0x00, 0x04, 0x00, 0x00, 0x00, 0x00,
  0x00, 0x00, 0x00, 0x00, 0x20, 0x00, 0x00, 0x04, 0x00, 0x00, 0x00, 0x00, 0x01, 0x00, 0x00, 0x00,
  0x20, 0x00, 0x00, 0x04, 0x00, 0x00, 0x00, 0x00, 0x01, 0x00, 0x00, 0x00, 0x20, 0x00, 0x00, 0x00,
  0x00, 0x00, 0x00, 0x00, 0x01, 0x00, 0x00, 0x00, 0x20, 0x00, 0x00, 0x00, 0x00, 0x00, 0x00, 0x00,
  0x01, 0x00, 0x00, 0x00, 0x20, 0x00, 0x00, 0x00, 0x00, 0x08, 0x00, 0x00, 0x01, 0x00, 0x00, 0x00,
  0x20, 0x00, 0x00, 0x00, 0x00, 0x08, 0x00, 0x00, 0x01, 0x00, 0x00, 0x00, 0x00, 0x00, 0x00, 0x00,
  0x00, 0x08, 0x00, 0x00, 0x01, 0x00, 0x00, 0x00, 0x00, 0x00, 0x00, 0x00, 0x00, 0x08, 0x00, 0x00,
  0x01, 0x00, 0x00, 0x00, 0x00, 0x00, 0x40, 0x00, 0x00, 0x08, 0x00, 0x00, 0x01, 0x00, 0x00, 0x00,
  0x00, 0x00, 0x40, 0x00, 0x00, 0x08, 0x00, 0x00, 0x00, 0x00, 0x00, 0x00, 0x00, 0x00, 0x40, 0x00,
  0x00, 0x08, 0x00, 0x00, 0x00, 0x00, 0x02, 0x00, 0x00, 0x00, 0x40, 0x00, 0x00, 0x08, 0x00, 0x00,
  0x00, 0x00, 0x02, 0x00, 0x00, 0x00, 0x40, 0x00, 0x80, 0x08, 0x00, 0x10, 0x00, 0x00, 0x02, 0x00,
  0x00, 0x00, 0x40, 0x00, 0x80, 0x00, 0x00, 0x10, 0x00, 0x00, 0x02, 0x00, 0x04, 0x00, 0x40, 0x00,
  0x80, 0x00, 0x00, 0x10, 0x00, 0x00, 0x02, 0x00, 0x04, 0x00, 0x40, 0x00, 0x80, 0x00, 0x00, 0x10,
  0x00, 0x00, 0x02, 0x00, 0x04, 0x00, 0x00, 0x00, 0x80, 0x00, 0x00, 0x10, 0x00, 0x20, 0x02, 0x00,
  0x04, 0x00, 0x00, 0x00, 0x80, 0x00, 0x00, 0x10, 0x00, 0x20, 0x02, 0x00, 0x04, 0x00, 0x00, 0x00,
  0x80, 0x00, 0x00, 0x10, 0x00, 0x20, 0x02, 0x00, 0x04, 0x00, 0x00, 0x00, 0x80, 0x00, 0x00, 0x10,
  0x00, 0x20, 0x00, 0x00, 0x04, 0x00, 0x00, 0x00, 0x80, 0x01, 0x00, 0x10, 0x00, 0x20, 0x00, 0x00,
  0x04, 0x00, 0x00, 0x00, 0x80, 0x01, 0x00, 0x10, 0x00, 0x20, 0x00, 0x00, 0x04, 0x00, 0x00, 0x00,
  0x80, 0x01, 0x00, 0x10, 0x00, 0x20, 0x00, 0x00, 0x04, 0x00, 0x08, 0x00, 0x80, 0x01, 0x00, 0x00,
  0x00, 0x20, 0x00, 0x00, 0x04, 0x00, 0x08, 0x00, 0x80, 0x01, 0x00, 0x00, 0x00, 0x20, 0x00, 0x00,
  0x04, 0x00, 0x08, 0x00, 0x80, 0x01, 0x00, 0x00, 0x00, 0x20, 0x00, 0x00, 0x04, 0x00, 0x08, 0x00,
  0x80, 0x01, 0x00, 0x00, 0x00, 0x20, 0x00, 0x40, 0x04, 0x00, 0x08, 0x00, 0x00, 0x01, 0x00, 0x00,
  0x00, 0x20, 0x00, 0x40, 0x04, 0x00, 0x08, 0x00, 0x00, 0x01, 0x00, 0x02, 0x00, 0x20, 0x00, 0x40,
  0x04, 0x00, 0x08, 0x00, 0x00, 0x01, 0x00, 0x02, 0x00, 0x20, 0x00, 0x40, 0x00, 0x00, 0x08, 0x00,
  0x00, 0x01, 0x00, 0x02, 0x00, 0x20, 0x00, 0x40, 0x00, 0x00, 0x08, 0x00, 0x00, 0x01, 0x00, 0x02,
  0x00, 0x20, 0x00, 0x40, 0x00, 0x00, 0x08, 0x00, 0x10, 0x01, 0x00, 0x02, 0x00, 0x20, 0x00, 0x40,
  0x00, 0x00, 0x08, 0x00, 0x10, 0x01, 0x00, 0x02, 0x00, 0x00, 0x00, 0x40, 0x00, 0x80, 0x08, 0x00,
  0x10, 0x01, 0x00, 0x02, 0x00, 0x00, 0x00, 0x40, 0x00, 0x80, 0x08, 0x00, 0x10, 0x01, 0x00, 0x02,
  0x00, 0x00, 0x00, 0x40, 0x00, 0x80, 0x08, 0x00, 0x10, 0x01, 0x00, 0x02, 0x00, 0x04, 0x00, 0x40,
  0x00, 0x80, 0x08, 0x00, 0x10, 0x00, 0x00, 0x02, 0x00, 0x04, 0x00, 0x40, 0x00, 0x80, 0x08, 0x00,
  0x10, 0x00, 0x00, 0x02, 0x00, 0x04, 0x00, 0x40, 0x00, 0x80, 0x08, 0x00, 0x10, 0x00, 0x00, 0x02,
  0x00, 0x04, 0x00, 0x40, 0x00, 0x80, 0x08, 0x00, 0x10, 0x00, 0x20, 0x02, 0x00, 0x04, 0x00, 0x40,
  0x00, 0x80, 0x00, 0x00, 0x10, 0x00, 0x20, 0x02, 0x00, 0x04, 0x00, 0x40, 0x00, 0x80, 0x00, 0x00,
  0x10, 0x00, 0x20, 0x02, 0x00, 0x04, 0x00, 0x40, 0x00, 0x80, 0x01, 0x00, 0x10, 0x00, 0x20, 0x02,
  0x00, 0x04, 0x00, 0x00, 0x00, 0x80, 0x01, 0x00, 0x10, 0x00, 0x20, 0x02, 0x00, 0x04, 0x00, 0x00,
  0x00, 0x80, 0x01, 0x00, 0x10, 0x00, 0x20, 0x02, 0x00, 0x04, 0x00, 0x08, 0x00, 0x80, 0x01, 0x00,
  0x10, 0x00, 0x20, 0x02, 0x00, 0x04, 0x00, 0x08, 0x00, 0x80, 0x01, 0x00, 0x10, 0x00, 0x20, 0x00,
  0x00, 0x04, 0x00, 0x08, 0x00, 0x80, 0x01, 0x00, 0x10, 0x00, 0x20, 0x00, 0x00, 0x04, 0x00, 0x08,
  0x00, 0x80, 0x01, 0x00, 0x10, 0x00, 0x20, 0x00, 0x40, 0x04, 0x00, 0x08, 0x00, 0x80, 0x01, 0x00,
  0x10, 0x00, 0x20, 0x00, 0x40, 0x04, 0x00, 0x08, 0x00, 0x80, 0x01, 0x00, 0x00, 0x00, 0x20, 0x00,
  0x40, 0x04, 0x00, 0x08, 0x00, 0x80, 0x01, 0x00, 0x02, 0x00, 0x20, 0x00, 0x40, 0x04, 0x00, 0x08,
  0x00, 0x80, 0x01, 0x00, 0x02, 0x00, 0x20, 0x00, 0x40, 0x04, 0x00, 0x08, 0x00, 0x80, 0x01, 0x00,
  0x02, 0x00, 0x20, 0x00, 0x40, 0x04, 0x00, 0x08, 0x00, 0x00, 0x01, 0x00, 0x02, 0x00, 0x20, 0x00,
  0x40, 0x04, 0x00, 0x08, 0x00, 0x10, 0x01, 0x00, 0x02, 0x00, 0x20, 0x00, 0x40, 0x04, 0x00, 0x08,
  0x00, 0x10, 0x01, 0x00, 0x02, 0x00, 0x20, 0x00, 0x40, 0x00, 0x00, 0x08, 0x00, 0x10, 0x01, 0x00,
  0x02, 0x00, 0x20, 0x00, 0x40, 0x00, 0x80, 0x08, 0x00, 0x10, 0x01, 0x00, 0x02, 0x00, 0x20, 0x00,
  0x40, 0x00, 0x80, 0x08, 0x00, 0x10, 0x01, 0x00, 0x02, 0x00, 0x20, 0x00, 0x40, 0x00, 0x80, 0x08,
  0x00, 0x10, 0x01, 0x00, 0x02, 0x00, 0x04, 0x00, 0x40, 0x00, 0x80, 0x08, 0x00, 0x10, 0x01, 0x00,
  0x02, 0x00, 0x04, 0x00, 0x40, 0x00, 0x80, 0x08, 0x00, 0x10, 0x01, 0x00, 0x02, 0x00, 0x04, 0x00,
  0x40, 0x00, 0x80, 0x08, 0x00, 0x10, 0x01, 0x00, 0x02, 0x00, 0x04, 0x00, 0x40, 0x00, 0x80, 0x08,
  0x00, 0x10, 0x00, 0x20, 0x02, 0x00, 0x04, 0x00, 0x40, 0x00, 0x80, 0x08, 0x00, 0x10, 0x00, 0x20,
  0x02, 0x00, 0x04, 0x00, 0x40, 0x00, 0x80, 0x08, 0x00, 0x10, 0x00, 0x20, 0x02, 0x00, 0x04, 0x00,
  0x40, 0x00, 0x80, 0x09, 0x00, 0x10, 0x00, 0x20, 0x02, 0x00, 0x04, 0x00, 0x40, 0x00, 0x80, 0x01,
  0x00, 0x10, 0x00, 0x20, 0x02, 0x00, 0x04, 0x00, 0x40, 0x00, 0x80, 0x01, 0x00, 0x10, 0x00, 0x20,
  0x02, 0x00, 0x04, 0x00, 0x40, 0x00, 0x80, 0x01, 0x00, 0x10, 0x00, 0x20, 0x02, 0x00, 0x04, 0x00,
  0x08, 0x00, 0x80, 0x01, 0x00, 0x10, 0x00, 0x20, 0x02, 0x00, 0x04, 0x00, 0x08, 0x00, 0x80, 0x01,
  0x00, 0x10, 0x00, 0x20, 0x02, 0x00, 0x04, 0x00, 0x08, 0x00, 0x80, 0x01, 0x00, 0x10, 0x00, 0x20,
  0x02, 0x40, 0x04, 0x00, 0x08, 0x00, 0x80, 0x01, 0x00, 0x10, 0x00, 0x20, 0x00, 0x40, 0x04, 0x00,
  0x08, 0x00, 0x80, 0x01, 0x00, 0x10, 0x00, 0x20, 0x00, 0x40, 0x04, 0x00, 0x08, 0x00, 0x80, 0x01,
  0x00, 0x12, 0x00, 0x20, 0x00, 0x40, 0x04, 0x00, 0x08, 0x00, 0x80, 0x01, 0x00, 0x12, 0x00, 0x20,
  0x00, 0x40, 0x04, 0x00, 0x08, 0x00, 0x80, 0x01, 0x00, 0x02, 0x00, 0x20, 0x00, 0x40, 0x04, 0x00,
  0x08, 0x00, 0x80, 0x01, 0x00, 0x02, 0x00, 0x20, 0x00, 0x40, 0x04, 0x00, 0x08, 0x00, 0x90, 0x01,
  0x00, 0x02, 0x00, 0x20, 0x00, 0x40, 0x04, 0x00, 0x08, 0x00, 0x90, 0x01, 0x00, 0x02, 0x00, 0x20,
  0x00, 0x40, 0x04, 0x00, 0x08, 0x00, 0x10, 0x01, 0x00, 0x02, 0x00, 0x20, 0x00, 0x40, 0x04, 0x80,
  0x08, 0x00, 0x10, 0x01, 0x00, 0x02, 0x00, 0x20, 0x00, 0x40, 0x04, 0x80, 0x08, 0x00, 0x10, 0x01,
  0x00, 0x02, 0x00, 0x20, 0x00, 0x40, 0x00, 0x80, 0x08, 0x00, 0x10, 0x01, 0x00, 0x02, 0x00, 0x20,
  0x00, 0x40, 0x00, 0x80, 0x08, 0x00, 0x10, 0x01, 0x00, 0x02, 0x00, 0x24, 0x00, 0x40, 0x00, 0x80,
  0x08, 0x00, 0x10, 0x01, 0x00, 0x02, 0x00, 0x24, 0x00, 0x40, 0x00, 0x80, 0x08, 0x00, 0x10, 0x01,
  0x00, 0x02, 0x00, 0x04, 0x00, 0x40, 0x00, 0x80, 0x08, 0x00, 0x10, 0x01, 0x20, 0x02, 0x00, 0x04,
  0x00, 0x40, 0x00, 0x80, 0x08, 0x00, 0x10, 0x01, 0x20, 0x02, 0x00, 0x04, 0x00, 0x40, 0x00, 0x80,
  0x08, 0x00, 0x10, 0x01, 0x20, 0x02, 0x00, 0x04, 0x00, 0x40, 0x00, 0x80, 0x09, 0x00, 0x10, 0x00,
  0x20, 0x02, 0x00, 0x04, 0x00, 0x40, 0x00, 0x80, 0x09, 0x00, 0x10, 0x00, 0x20, 0x02, 0x00, 0x04,
  0x00, 0x40, 0x00, 0x80, 0x09, 0x00, 0x10, 0x00, 0x20, 0x02, 0x00, 0x04, 0x00, 0x40, 0x00, 0x80,
  0x09, 0x00, 0x10, 0x00, 0x20, 0x02, 0x00, 0x04, 0x00, 0x48, 0x00, 0x80, 0x01, 0x00, 0x10, 0x00,
  0x20, 0x02, 0x00, 0x04, 0x00, 0x48, 0x00, 0x80, 0x01, 0x00, 0x10, 0x00, 0x20, 0x02, 0x00, 0x04,
  0x00, 0x48, 0x00, 0x80, 0x01, 0x00, 0x10, 0x00, 0x20, 0x02, 0x40, 0x04, 0x00, 0x08, 0x00, 0x80,
  0x01, 0x00, 0x10, 0x00, 0x20, 0x02, 0x40, 0x04, 0x00, 0x08, 0x00, 0x80, 0x01, 0x00, 0x10, 0x00,
  0x20, 0x02, 0x40, 0x04, 0x00, 0x08, 0x00, 0x80, 0x01, 0x00, 0x10, 0x00, 0x20, 0x02, 0x40, 0x04,
  0x00, 0x08, 0x00, 0x80, 0x01, 0x00, 0x12, 0x00, 0x20, 0x00, 0x40, 0x04, 0x00, 0x08, 0x00, 0x80,
  0x01, 0x00, 0x12, 0x00, 0x20, 0x00, 0x40, 0x04, 0x00, 0x08, 0x00, 0x80, 0x01, 0x00, 0x12, 0x00,
  0x20, 0x00, 0x40, 0x04, 0x00, 0x08, 0x00, 0x90, 0x01, 0x00, 0x12, 0x00, 0x20, 0x00, 0x40, 0x04,
  0x00, 0x08, 0x00, 0x90, 0x01, 0x00, 0x02, 0x00, 0x20, 0x00, 0x40, 0x04, 0x00, 0x08, 0x00, 0x90,
  0x01, 0x00, 0x02, 0x00, 0x20, 0x00, 0x40, 0x04, 0x80, 0x08, 0x00, 0x90, 0x01, 0x00, 0x02, 0x00,
  0x20, 0x00, 0x40, 0x04, 0x80, 0x08, 0x00, 0x90, 0x01, 0x00, 0x02, 0x00, 0x20, 0x00, 0x40, 0x04,
  0x80, 0x08, 0x00, 0x10, 0x01, 0x00, 0x02, 0x00, 0x20, 0x00, 0x40, 0x04, 0x80, 0x08, 0x00, 0x10,
  0x01, 0x00, 0x02, 0x00, 0x24, 0x00, 0x40, 0x04, 0x80, 0x08, 0x00, 0x10, 0x01, 0x00, 0x02, 0x00,
  0x24, 0x00, 0x40, 0x00, 0x80, 0x08, 0x00, 0x10, 0x01, 0x00, 0x02, 0x00, 0x24, 0x00, 0x40, 0x00,
  0x80, 0x08, 0x00, 0x10, 0x01, 0x20, 0x02, 0x00, 0x24, 0x00, 0x40, 0x00, 0x80, 0x08, 0x00, 0x10,
  0x01, 0x20, 0x02, 0x00, 0x24, 0x00, 0x40, 0x00, 0x80, 0x08, 0x00, 0x10, 0x01, 0x20, 0x02, 0x00,
  0x04, 0x00, 0x40, 0x00, 0x80, 0x08, 0x00, 0x10, 0x01, 0x20, 0x02, 0x00, 0x04, 0x00, 0x40, 0x00,
  0x80, 0x09, 0x00, 0x10, 0x01, 0x20, 0x02, 0x00, 0x04, 0x00, 0x40, 0x00, 0x80, 0x09, 0x00, 0x10,
  0x01, 0x20, 0x02, 0x00, 0x04, 0x00, 0x40, 0x00, 0x80, 0x09, 0x00, 0x10, 0x00, 0x20, 0x02, 0x00,
  0x04, 0x00, 0x48, 0x00, 0x80, 0x09, 0x00, 0x10, 0x00, 0x20, 0x02, 0x00, 0x04, 0x00, 0x48, 0x00,
  0x80, 0x09, 0x00, 0x10, 0x00, 0x20, 0x02, 0x00, 0x04, 0x00, 0x48, 0x00, 0x80, 0x09, 0x00, 0x10,
  0x00, 0x20, 0x02, 0x40, 0x04, 0x00, 0x48, 0x00, 0x80, 0x01, 0x00, 0x10, 0x00, 0x20, 0x02, 0x40,
  0x04, 0x00, 0x48, 0x00, 0x80, 0x01, 0x00, 0x10, 0x00, 0x20, 0x02, 0x40, 0x04, 0x00, 0x48, 0x00,
  0x80, 0x01, 0x00, 0x10, 0x00, 0x20, 0x02, 0x40, 0x04, 0x00, 0x08, 0x00, 0x80, 0x01, 0x00, 0x12,
  0x00, 0x20, 0x02, 0x40, 0x04, 0x00, 0x08, 0x00, 0x80, 0x01, 0x00, 0x12, 0x00, 0x20, 0x02, 0x40,
  0x04, 0x00, 0x08, 0x00, 0x80, 0x01, 0x00, 0x12, 0x00, 0x20, 0x02, 0x40, 0x04, 0x00, 0x08, 0x00,
  0x90, 0x01, 0x00, 0x12, 0x00, 0x20, 0x00, 0x40, 0x04, 0x00, 0x08, 0x00, 0x90, 0x01, 0x00, 0x12,
  0x00, 0x20, 0x00, 0x40, 0x04, 0x00, 0x08, 0x00, 0x90, 0x01, 0x00, 0x12, 0x00, 0x20, 0x00, 0x40,
  0x04, 0x00, 0x08, 0x00, 0x90, 0x01, 0x00, 0x12, 0x00, 0x20, 0x00, 0x40, 0x04, 0x80, 0x08, 0x00,
  0x90, 0x01, 0x00, 0x02, 0x00, 0x20, 0x00, 0x40, 0x04, 0x80, 0x08, 0x00, 0x90, 0x01, 0x00, 0x02,
  0x00, 0x20, 0x00, 0x40, 0x04, 0x80, 0x08, 0x00, 0x90, 0x01, 0x00, 0x02, 0x00, 0x24, 0x00, 0x40,
  0x04, 0x80, 0x08, 0x00, 0x10, 0x01, 0x00, 0x02, 0x00, 0x24, 0x00, 0x40, 0x04, 0x80, 0x08, 0x00,
  0x10, 0x01, 0x00, 0x02, 0x00, 0x24, 0x00, 0x40, 0x04, 0x80, 0x08, 0x00, 0x10, 0x01, 0x00, 0x02,
  0x00, 0x24, 0x00, 0x40, 0x04, 0x80, 0x08, 0x00, 0x10, 0x01, 0x20, 0x02, 0x00, 0x24, 0x00, 0x40,
  0x00, 0x80, 0x08, 0x00, 0x10, 0x01, 0x20, 0x02, 0x00, 0x24, 0x00, 0x40, 0x00, 0x80, 0x08, 0x00,
  0x10, 0x01, 0x20, 0x02, 0x00, 0x24, 0x00, 0x40, 0x00, 0x80, 0x09, 0x00, 0x10, 0x01, 0x20, 0x02,
  0x00, 0x24, 0x00, 0x40, 0x00, 0x80, 0x09, 0x00, 0x10, 0x01, 0x20, 0x02, 0x00, 0x04, 0x00, 0x40,
  0x00, 0x80, 0x09, 0x00, 0x10, 0x01, 0x20, 0x02, 0x00, 0x04, 0x00, 0x48, 0x00, 0x80, 0x09, 0x00,
  0x10, 0x01, 0x20, 0x02, 0x00, 0x04, 0x00, 0x48, 0x00, 0x80, 0x09, 0x00, 0x10, 0x01, 0x20, 0x02,
  0x00, 0x04, 0x00, 0x48, 0x00, 0x80, 0x09, 0x00, 0x10, 0x00, 0x20, 0x02, 0x00, 0x04, 0x00, 0x48,
  0x00, 0x80, 0x09, 0x00, 0x10, 0x00, 0x20, 0x02, 0x40, 0x04, 0x00, 0x48, 0x00, 0x80, 0x09, 0x00,
  0x10, 0x00, 0x20, 0x02, 0x40, 0x04, 0x00, 0x48, 0x00, 0x80, 0x01, 0x00, 0x10, 0x00, 0x20, 0x02,
  0x40, 0x04, 0x00, 0x48, 0x00, 0x80, 0x01, 0x00, 0x12, 0x00, 0x20, 0x02, 0x40, 0x04, 0x00, 0x48,
  0x00, 0x80, 0x01, 0x00, 0x12, 0x00, 0x20, 0x02, 0x40, 0x04, 0x00, 0x48, 0x00, 0x80, 0x01, 0x00,
  0x12, 0x00, 0x20, 0x02, 0x40, 0x04, 0x00, 0x08, 0x00, 0x80, 0x01, 0x00, 0x12, 0x00, 0x20, 0x02,
  0x40, 0x04, 0x00, 0x08, 0x00, 0x90, 0x01, 0x00, 0x12, 0x00, 0x20, 0x02, 0x40, 0x04, 0x00, 0x08,
  0x00, 0x90, 0x01, 0x00, 0x12, 0x00, 0x20, 0x02, 0x40, 0x04, 0x00, 0x08, 0x00, 0x90, 0x01, 0x00,
  0x12, 0x00, 0x20, 0x00, 0x40, 0x04, 0x80, 0x08, 0x00, 0x90, 0x01, 0x00, 0x12, 0x00, 0x20, 0x00,
  0x40, 0x04, 0x80, 0x08, 0x00, 0x90, 0x01, 0x00, 0x12, 0x00, 0x20, 0x00, 0x40, 0x04, 0x80, 0x08,
  0x00, 0x90, 0x01, 0x00, 0x12, 0x00, 0x24, 0x00, 0x40, 0x04, 0x80, 0x08, 0x00, 0x90, 0x01, 0x00,
  0x02, 0x00, 0x24, 0x00, 0x40, 0x04, 0x80, 0x08, 0x00, 0x90, 0x01, 0x00, 0x02, 0x00, 0x24, 0x00,
  0x40, 0x04, 0x80, 0x08, 0x00, 0x90, 0x01, 0x00, 0x02, 0x00, 0x24, 0x00, 0x40, 0x04, 0x80, 0x08,
  0x00, 0x10, 0x01, 0x20, 0x02, 0x00, 0x24, 0x00, 0x40, 0x04, 0x80, 0x08, 0x00, 0x10, 0x01, 0x20,
  0x02, 0x00, 0x24, 0x00, 0x40, 0x04, 0x80, 0x08, 0x00, 0x10, 0x01, 0x20, 0x02, 0x00, 0x24, 0x00,
  0x40, 0x04, 0x80, 0x09, 0x00, 0x10, 0x01, 0x20, 0x02, 0x00, 0x24, 0x00, 0x40, 0x00, 0x80, 0x09,
  0x00, 0x10, 0x01, 0x20, 0x02, 0x00, 0x24, 0x00, 0x40, 0x00, 0x80, 0x09, 0x00, 0x10, 0x01, 0x20,
  0x02, 0x00, 0x24, 0x00, 0x40, 0x00, 0x80, 0x09, 0x00, 0x10, 0x01, 0x20, 0x02, 0x00, 0x24, 0x00,
  0x48, 0x00, 0x80, 0x09, 0x00, 0x10, 0x01, 0x20, 0x02, 0x00, 0x04, 0x00, 0x48, 0x00, 0x80, 0x09,
  0x00, 0x10, 0x01, 0x20, 0x02, 0x00, 0x04, 0x00, 0x48, 0x00, 0x80, 0x09, 0x00, 0x10, 0x01, 0x20,
  0x02, 0x40, 0x04, 0x00, 0x48, 0x00, 0x80, 0x09, 0x00, 0x10, 0x01, 0x20, 0x02, 0x40, 0x04, 0x00,
  0x48, 0x00, 0x80, 0x09, 0x00, 0x10, 0x00, 0x20, 0x02, 0x40, 0x04, 0x00, 0x48, 0x00, 0x80, 0x09,
  0x00, 0x12, 0x00, 0x20, 0x02, 0x40, 0x04, 0x00, 0x48, 0x00, 0x80, 0x09, 0x00, 0x12, 0x00, 0x20,
  0x02, 0x40, 0x04, 0x00, 0x48, 0x00, 0x80, 0x01, 0x00, 0x12, 0x00, 0x20, 0x02, 0x40, 0x04, 0x00,
  0x48, 0x00, 0x80, 0x01, 0x00, 0x12, 0x00, 0x20, 0x02, 0x40, 0x04, 0x00, 0x48, 0x00, 0x90, 0x01,
  0x00, 0x12, 0x00, 0x20, 0x02, 0x40, 0x04, 0x00, 0x48, 0x00, 0x90, 0x01, 0x00, 0x12, 0x00, 0x20,
  0x02, 0x40, 0x04, 0x00, 0x08, 0x00, 0x90, 0x01, 0x00, 0x12, 0x00, 0x20, 0x02, 0x40, 0x04, 0x80,
  0x08, 0x00, 0x90, 0x01, 0x00, 0x12, 0x00, 0x20, 0x02, 0x40, 0x04, 0x80, 0x08, 0x00, 0x90, 0x01,
  0x00, 0x12, 0x00, 0x20, 0x02, 0x40, 0x04, 0x80, 0x08, 0x00, 0x90, 0x01, 0x00, 0x12, 0x00, 0x20,
  0x00, 0x40, 0x04, 0x80, 0x08, 0x00, 0x90, 0x01, 0x00, 0x12, 0x00, 0x24, 0x00, 0x40, 0x04, 0x80,
  0x08, 0x00, 0x90, 0x01, 0x00, 0x12, 0x00, 0x24, 0x00, 0x40, 0x04, 0x80, 0x08, 0x00, 0x90, 0x01,
  0x00, 0x12, 0x00, 0x24, 0x00, 0x40, 0x04, 0x80, 0x08, 0x00, 0x90, 0x01, 0x20, 0x02, 0x00, 0x24,
  0x00, 0x40, 0x04, 0x80, 0x08, 0x00, 0x90, 0x01, 0x20, 0x02, 0x00, 0x24, 0x00, 0x40, 0x04, 0x80,
  0x08, 0x00, 0x90, 0x01, 0x20, 0x02, 0x00, 0x24, 0x00, 0x40, 0x04, 0x80, 0x09, 0x00, 0x10, 0x01,
  0x20, 0x02, 0x00, 0x24, 0x00, 0x40, 0x04, 0x80, 0x09, 0x00, 0x10, 0x01, 0x20, 0x02, 0x00, 0x24,
  0x00, 0x40, 0x04, 0x80, 0x09, 0x00, 0x10, 0x01, 0x20, 0x02, 0x00, 0x24, 0x00, 0x40, 0x04, 0x80,
  0x09, 0x00, 0x10, 0x01, 0x20, 0x02, 0x00, 0x24, 0x00, 0x48, 0x00, 0x80, 0x09, 0x00, 0x10, 0x01,
  0x20, 0x02, 0x00, 0x24, 0x00, 0x48, 0x00, 0x80, 0x09, 0x00, 0x10, 0x01, 0x20, 0x02, 0x00, 0x24,
  0x00, 0x48, 0x00, 0x80, 0x09, 0x00, 0x10, 0x01, 0x20, 0x02, 0x40, 0x24, 0x00, 0x48, 0x00, 0x80,
  0x09, 0x00, 0x10, 0x01, 0x20, 0x02, 0x40, 0x04, 0x00, 0x48, 0x00, 0x80, 0x09, 0x00, 0x10, 0x01,
  0x20, 0x02, 0x40, 0x04, 0x00, 0x48, 0x00, 0x80, 0x09, 0x00, 0x10, 0x01, 0x20, 0x02, 0x40, 0x04,
  0x00, 0x48, 0x00, 0x80, 0x09, 0x00, 0x12, 0x01, 0x20, 0x02, 0x40, 0x04, 0x00, 0x48, 0x00, 0x80,
  0x09, 0x00, 0x12, 0x00, 0x20, 0x02, 0x40, 0x04, 0x00, 0x48, 0x00, 0x80, 0x09, 0x00, 0x12, 0x00,
  0x20, 0x02, 0x40, 0x04, 0x00, 0x48, 0x00, 0x90, 0x09, 0x00, 0x12, 0x00, 0x20, 0x02, 0x40, 0x04,
  0x00, 0x48, 0x00, 0x90, 0x01, 0x00, 0x12, 0x00, 0x20, 0x02, 0x40, 0x04, 0x00, 0x48, 0x00, 0x90,
  0x01, 0x00, 0x12, 0x00, 0x20, 0x02, 0x40, 0x04, 0x80, 0x48, 0x00, 0x90, 0x01, 0x00, 0x12, 0x00,
  0x20, 0x02, 0x40, 0x04, 0x80, 0x48, 0x00, 0x90, 0x01, 0x00, 0x12, 0x00, 0x20, 0x02, 0x40, 0x04,
  0x80, 0x08, 0x00, 0x90, 0x01, 0x00, 0x12, 0x00, 0x20, 0x02, 0x40, 0x04, 0x80, 0x08, 0x00, 0x90,
  0x01, 0x00, 0x12, 0x00, 0x24, 0x02, 0x40, 0x04, 0x80, 0x08, 0x00, 0x90, 0x01, 0x00, 0x12, 0x00,
  0x24, 0x02, 0x40, 0x04, 0x80, 0x08, 0x00, 0x90, 0x01, 0x00, 0x12, 0x00, 0x24, 0x00, 0x40, 0x04,
  0x80, 0x08, 0x00, 0x90, 0x01, 0x20, 0x12, 0x00, 0x24, 0x00, 0x40, 0x04, 0x80, 0x08, 0x00, 0x90,
  0x01, 0x20, 0x12, 0x00, 0x24, 0x00, 0x40, 0x04, 0x80, 0x08, 0x00, 0x90, 0x01, 0x20, 0x12, 0x00,
  0x24, 0x00, 0x40, 0x04, 0x80, 0x08, 0x00, 0x90, 0x01, 0x20, 0x02, 0x00, 0x24, 0x00, 0x40, 0x04,
  0x80, 0x09, 0x00, 0x90, 0x01, 0x20, 0x02, 0x00, 0x24, 0x00, 0x40, 0x04, 0x80, 0x09, 0x00, 0x90,
  0x01, 0x20, 0x02, 0x00, 0x24, 0x00, 0x40, 0x04, 0x80, 0x09, 0x00, 0x10, 0x01, 0x20, 0x02, 0x00,
  0x24, 0x00, 0x48, 0x04, 0x80, 0x09, 0x00, 0x10, 0x01, 0x20, 0x02, 0x00, 0x24, 0x00, 0x48, 0x04,
  0x80, 0x09, 0x00, 0x10, 0x01, 0x20, 0x02, 0x00, 0x24, 0x00, 0x48, 0x04, 0x80, 0x09, 0x00, 0x10,
  0x01, 0x20, 0x02, 0x40, 0x24, 0x00, 0x48, 0x00, 0x80, 0x09, 0x00, 0x10, 0x01, 0x20, 0x02, 0x40,
  0x24, 0x00, 0x48, 0x00, 0x80, 0x09, 0x00, 0x10, 0x01, 0x20, 0x02, 0x40, 0x24, 0x00, 0x48, 0x00,
  0x80, 0x09, 0x00, 0x10, 0x01, 0x20, 0x02, 0x40, 0x24, 0x00, 0x48, 0x00, 0x80, 0x09, 0x00, 0x12,
  0x01, 0x20, 0x02, 0x40, 0x04, 0x00, 0x48, 0x00, 0x80, 0x09, 0x00, 0x12, 0x01, 0x20, 0x02, 0x40,
  0x04, 0x00, 0x48, 0x00, 0x80, 0x09, 0x00, 0x12, 0x01, 0x20, 0x02, 0x40, 0x04, 0x00, 0x48, 0x00,
  0x90, 0x09, 0x00, 0x12, 0x01, 0x20, 0x02, 0x40, 0x04, 0x00, 0x48, 0x00, 0x90, 0x09, 0x00, 0x12,
  0x00, 0x20, 0x02, 0x40, 0x04, 0x00, 0x48, 0x00, 0x90, 0x09, 0x00, 0x12, 0x00, 0x20, 0x02, 0x40,
  0x04, 0x00, 0x48, 0x00, 0x90, 0x09, 0x00, 0x12, 0x00, 0x20, 0x02, 0x40, 0x04, 0x80, 0x48, 0x00,
  0x90, 0x01, 0x00, 0x12, 0x00, 0x20, 0x02, 0x40, 0x04, 0x80, 0x48, 0x00, 0x90, 0x01, 0x00, 0x12,
  0x00, 0x20, 0x02, 0x40, 0x04, 0x80, 0x48, 0x00, 0x90, 0x01, 0x00, 0x12, 0x00, 0x24, 0x02, 0x40,
  0x04, 0x80, 0x48, 0x00, 0x90, 0x01, 0x00, 0x12, 0x00, 0x24, 0x02, 0x40, 0x04, 0x80, 0x08, 0x00,
  0x90, 0x01, 0x00, 0x12, 0x00, 0x24, 0x02, 0x40, 0x04, 0x80, 0x08, 0x00, 0x90, 0x01, 0x00, 0x12,
  0x00, 0x24, 0x02, 0x40, 0x04, 0x80, 0x08, 0x00, 0x90, 0x01, 0x20, 0x12, 0x00, 0x24, 0x02, 0x40,
  0x04, 0x80, 0x08, 0x00, 0x90, 0x01, 0x20, 0x12, 0x00, 0x24, 0x00, 0x40, 0x04, 0x80, 0x08, 0x00,
  0x90, 0x01, 0x20, 0x12, 0x00, 0x24, 0x00, 0x40, 0x04, 0x80, 0x09, 0x00, 0x90, 0x01, 0x20, 0x12,
  0x00, 0x24, 0x00, 0x40, 0x04, 0x80, 0x09, 0x00, 0x90, 0x01, 0x20, 0x12, 0x00, 0x24, 0x00, 0x40,
  0x04, 0x80, 0x09, 0x00, 0x90, 0x01, 0x20, 0x02, 0x00, 0x24, 0x00, 0x48, 0x04, 0x80, 0x09, 0x00,
  0x90, 0x01, 0x20, 0x02, 0x00, 0x24, 0x00, 0x48, 0x04, 0x80, 0x09, 0x00, 0x90, 0x01, 0x20, 0x02,
  0x00, 0x24, 0x00, 0x48, 0x04, 0x80, 0x09, 0x00, 0x10, 0x01, 0x20, 0x02, 0x00, 0x24, 0x00, 0x48,
  0x04, 0x80, 0x09, 0x00, 0x10, 0x01, 0x20, 0x02, 0x40, 0x24, 0x00, 0x48, 0x04, 0x80, 0x09, 0x00,
  0x10, 0x01, 0x20, 0x02, 0x40, 0x24, 0x00, 0x48, 0x04, 0x80, 0x09, 0x00, 0x10, 0x01, 0x20, 0x02,
  0x40, 0x24, 0x00, 0x48, 0x00, 0x80, 0x09, 0x00, 0x12, 0x01, 0x20, 0x02, 0x40, 0x24, 0x00, 0x48,
  0x00, 0x80, 0x09, 0x00, 0x12, 0x01, 0x20, 0x02, 0x40, 0x24, 0x00, 0x48, 0x00, 0x80, 0x09, 0x00,
  0x12, 0x01, 0x20, 0x02, 0x40, 0x24, 0x00, 0x48, 0x00, 0x80, 0x09, 0x00, 0x12, 0x01, 0x20, 0x02,
  0x40, 0x04, 0x00, 0x48, 0x00, 0x90, 0x09, 0x00, 0x12, 0x01, 0x20, 0x02, 0x40, 0x04, 0x00, 0x48,
  0x00, 0x90, 0x09, 0x00, 0x12, 0x01, 0x20, 0x02, 0x40, 0x04, 0x00, 0x48, 0x00, 0x90, 0x09, 0x00,
  0x12, 0x01, 0x20, 0x02, 0x40, 0x04, 0x80, 0x48, 0x00, 0x90, 0x09, 0x00, 0x12, 0x00, 0x20, 0x02,
  0x40, 0x04, 0x80, 0x48, 0x00, 0x90, 0x09, 0x00, 0x12, 0x00, 0x20, 0x02, 0x40, 0x04, 0x80, 0x48,
  0x00, 0x90, 0x09, 0x00, 0x12, 0x00, 0x24, 0x02, 0x40, 0x04, 0x80, 0x48, 0x00, 0x90, 0x01, 0x00,
  0x12, 0x00, 0x24, 0x02, 0x40, 0x04, 0x80, 0x48, 0x00, 0x90, 0x01, 0x00, 0x12, 0x00, 0x24, 0x02,
  0x40, 0x04, 0x80, 0x48, 0x00, 0x90, 0x01, 0x00, 0x12, 0x00, 0x24, 0x02, 0x40, 0x04, 0x80, 0x48,
  0x00, 0x90, 0x01, 0x20, 0x12, 0x00, 0x24, 0x02, 0x40, 0x04, 0x80, 0x08, 0x00, 0x90, 0x01, 0x20,
  0x12, 0x00, 0x24, 0x02, 0x40, 0x04, 0x80, 0x08, 0x00, 0x90, 0x01, 0x20, 0x12, 0x00, 0x24, 0x02,
  0x40, 0x04, 0x80, 0x09, 0x00, 0x90, 0x01, 0x20, 0x12, 0x00, 0x24, 0x02, 0x40, 0x04, 0x80, 0x09,
  0x00, 0x90, 0x01, 0x20, 0x12, 0x00, 0x24, 0x00, 0x40, 0x04, 0x80, 0x09, 0x00, 0x90, 0x01, 0x20,
  0x12, 0x00, 0x24, 0x00, 0x40, 0x04, 0x80, 0x09, 0x00, 0x90, 0x01, 0x20, 0x12, 0x00, 0x24, 0x00,
  0x48, 0x04, 0x80, 0x09, 0x00, 0x90, 0x01, 0x20, 0x12, 0x00, 0x24, 0x00, 0x48, 0x04, 0x80, 0x09,
  0x00, 0x90, 0x01, 0x20, 0x02, 0x00, 0x24, 0x00, 0x48, 0x04, 0x80, 0x09, 0x00, 0x90, 0x01, 0x20,
  0x02, 0x40, 0x24, 0x00, 0x48, 0x04, 0x80, 0x09, 0x00, 0x90, 0x01, 0x20, 0x02, 0x40, 0x24, 0x00,
  0x48, 0x04, 0x80, 0x09, 0x00, 0x10, 0x01, 0x20, 0x02, 0x40, 0x24, 0x00, 0x48, 0x04, 0x80, 0x09,
  0x00, 0x12, 0x01, 0x20, 0x02, 0x40, 0x24, 0x00, 0x48, 0x04, 0x80, 0x09, 0x00, 0x12, 0x01, 0x20,
  0x02, 0x40, 0x24, 0x00, 0x48, 0x04, 0x80, 0x09, 0x00, 0x12, 0x01, 0x20, 0x02, 0x40, 0x24, 0x00,
  0x48, 0x00, 0x80, 0x09, 0x00, 0x12, 0x01, 0x20, 0x02, 0x40, 0x24, 0x00, 0x48, 0x00, 0x90, 0x09,
  0x00, 0x12, 0x01, 0x20, 0x02, 0x40, 0x24, 0x00, 0x48, 0x00, 0x90, 0x09, 0x00, 0x12, 0x01, 0x20,
  0x02, 0x40, 0x24, 0x00, 0x48, 0x00, 0x90, 0x09, 0x00, 0x12, 0x01, 0x20, 0x02, 0x40, 0x04, 0x80,
  0x48, 0x00, 0x90, 0x09, 0x00, 0x12, 0x01, 0x20, 0x02, 0x40, 0x04, 0x80, 0x48, 0x00, 0x90, 0x09,
  0x00, 0x12, 0x01, 0x20, 0x02, 0x40, 0x04, 0x80, 0x48, 0x00, 0x90, 0x09, 0x00, 0x12, 0x01, 0x20,
  0x02, 0x40, 0x04, 0x80, 0x48, 0x00, 0x90, 0x09, 0x00, 0x12, 0x00, 0x24, 0x02, 0x40, 0x04, 0x80,
  0x48, 0x00, 0x90, 0x09, 0x00, 0x12, 0x00, 0x24, 0x02, 0x40, 0x04, 0x80, 0x48, 0x00, 0x90, 0x09,
  0x00, 0x12, 0x00, 0x24, 0x02, 0x40, 0x04, 0x80, 0x48, 0x00, 0x90, 0x01, 0x20, 0x12, 0x00, 0x24,
  0x02, 0x40, 0x04, 0x80, 0x48, 0x00, 0x90, 0x01, 0x20, 0x12, 0x00, 0x24, 0x02, 0x40, 0x04, 0x80,
  0x48, 0x00, 0x90, 0x01, 0x20, 0x12, 0x00, 0x24, 0x02, 0x40, 0x04, 0x80, 0x49, 0x00, 0x90, 0x01,
  0x20, 0x12, 0x00, 0x24, 0x02, 0x40, 0x04, 0x80, 0x09, 0x00, 0x90, 0x01, 0x20, 0x12, 0x00, 0x24,
  0x02, 0x40, 0x04, 0x80, 0x09, 0x00, 0x90, 0x01, 0x20, 0x12, 0x00, 0x24, 0x02, 0x40, 0x04, 0x80,
  0x09, 0x00, 0x90, 0x01, 0x20, 0x12, 0x00, 0x24, 0x02, 0x48, 0x04, 0x80, 0x09, 0x00, 0x90, 0x01,
  0x20, 0x12, 0x00, 0x24, 0x00, 0x48, 0x04, 0x80, 0x09, 0x00, 0x90, 0x01, 0x20, 0x12, 0x00, 0x24,
  0x00, 0x48, 0x04, 0x80, 0x09, 0x00, 0x90, 0x01, 0x20, 0x12, 0x40, 0x24, 0x00, 0x48, 0x04, 0x80,
  0x09, 0x00, 0x90, 0x01, 0x20, 0x12, 0x40, 0x24, 0x00, 0x48, 0x04, 0x80, 0x09, 0x00, 0x90, 0x01,
  0x20, 0x02, 0x40, 0x24, 0x00, 0x48, 0x04, 0x80, 0x09, 0x00, 0x90, 0x01, 0x20, 0x02, 0x40, 0x24,
  0x00, 0x48, 0x04, 0x80, 0x09, 0x00, 0x92, 0x01, 0x20, 0x02, 0x40, 0x24, 0x00, 0x48, 0x04, 0x80,
  0x09, 0x00, 0x12, 0x01, 0x20, 0x02, 0x40, 0x24, 0x00, 0x48, 0x04, 0x80, 0x09, 0x00, 0x12, 0x01,
  0x20, 0x02, 0x40, 0x24, 0x00, 0x48, 0x04, 0x90, 0x09, 0x00, 0x12, 0x01, 0x20, 0x02, 0x40, 0x24,
  0x00, 0x48, 0x04, 0x90, 0x09, 0x00, 0x12, 0x01, 0x20,
]);

export const QI_ANCIENT_MAP: Record<number, number> = {
  0b000: 0,
  0b001: 1,
  0b010: -1,
  0b011: 2,
  0b100: -2,
  0b101: 3,
  0b110: 4,
  0b111: 0,
};
